367-12-9133,Findley,Tomasian,616-15-6080,76 Butternut Park,2
758-27-1223,Costa,Shee,260-23-3068,0 Kensington Drive,2
809-31-7103,Farand,Scarlon,264-34-7813,8461 Schlimgen Junction,4
332-95-2560,Liana,Balsdone,546-78-4481,8492 Summit Road,1
728-14-9348,Olympe,Sancias,270-31-6359,9 Coleman Plaza,4
663-43-5992,Susette,Portt,207-63-4853,338 Butternut Crossing,4
890-53-2470,Thaine,Sulter,652-83-6076,83726 Raven Place,1
879-15-8988,Manda,Borton,725-13-9996,898 Carpenter Road,1
105-98-5050,Quentin,Coils,485-54-1876,356 Melrose Terrace,3
723-53-1286,Angie,Barens,660-69-9806,3 Clove Way,4
224-17-6429,Sosanna,Lant,528-95-4495,9 Oakridge Place,1
482-90-7040,Rowney,Herion,897-43-7694,6 Vermont Court,3
121-62-1372,Dwayne,Daville,340-80-9152,637 Dakota Road,1
423-33-0613,Alistair,Debill,496-73-5236,0 Glendale Terrace,3
534-27-5708,Cal,Yitshak,196-42-0612,976 Walton Court,3
896-80-0416,Ronalda,Reith,211-45-1053,540 Hanson Point,3
507-77-5515,Lea,Murkin,468-52-9550,8466 Loomis Parkway,4
221-70-8789,Amalie,Roby,458-25-7762,68611 Kenwood Circle,4
405-72-1308,Priscilla,Crossley,264-02-7273,3954 Ronald Regan Center,4
748-64-5548,Clementina,Brydone,590-51-4642,880 Hauk Drive,2
256-99-7170,Bevvy,Crookston,492-65-9978,402 Pleasure Terrace,1
665-80-6485,Travus,Hymor,839-90-7412,535 Hermina Point,4
617-87-5462,Bobbee,Edelston,472-58-4790,6 Westport Center,4
125-63-9881,Ingeborg,Crim,185-67-2748,0333 Ryan Park,3
631-62-7618,Claudetta,Nevet,426-92-6326,6258 Hansons Place,1
877-14-9228,Joline,Filler,567-50-6529,98 Lotheville Trail,4
198-93-2183,Melamie,Mumbeson,595-30-2673,8670 Paget Trail,1
551-32-0560,Hersch,Ledwich,501-24-0148,042 Buena Vista Center,1
143-53-0288,Beckie,Cowden,452-24-1880,4 Iowa Parkway,1
671-25-6361,Kathe,Endricci,357-57-8048,400 Morning Junction,2
340-76-0301,Hal,McCray,835-61-4072,9 Grasskamp Plaza,2
127-27-3471,Alicea,Ossulton,551-51-5100,3441 Scoville Alley,4
495-06-2780,Archibaldo,Lorking,379-07-0624,1 Carey Plaza,2
583-10-1418,Sam,Fetherstonhaugh,671-50-9884,02 Grover Park,3
693-67-8336,Murvyn,Veneur,509-08-4661,7170 Loomis Court,4
887-96-3954,Cris,Shilleto,486-39-2521,249 Rutledge Park,1
882-01-8996,Annecorinne,Chopy,304-94-5544,28792 Kingsford Hill,3
606-34-0728,Kit,Pitbladdo,566-60-7470,5257 Mosinee Court,2
313-14-7600,Jarrad,Sawkins,166-17-9308,66791 Magdeline Road,4
240-43-3641,Donn,Ashingden,778-36-4161,6385 Melody Alley,1
728-48-1152,Valerye,Cruxton,201-29-2029,17729 Twin Pines Lane,4
172-90-9494,Tedd,Kingscote,416-29-4790,6120 Shoshone Pass,4
153-60-4986,Augustine,Mannock,249-01-0805,502 Jackson Center,1
647-67-9627,Lenora,Penniell,282-73-7860,24 Kensington Lane,2
825-45-5398,Julianna,Harkness,429-16-7199,4 Namekagon Parkway,4
639-01-7235,Berkeley,Byrth,183-32-5914,68184 Park Meadow Crossing,1
268-66-2886,Edyth,Geeve,223-41-8768,69729 Rockefeller Point,1
880-01-7138,Corena,Moulder,332-70-2383,1247 Cherokee Court,2
255-56-8939,Doe,Cheyney,718-44-8712,75096 Schmedeman Lane,2
204-40-0883,Devan,Cammish,384-80-3885,0 Vera Lane,2
184-34-0720,Ellyn,Mogey,356-88-7679,4195 Loeprich Point,3
416-62-8002,Jillana,Hemshall,131-01-1413,494 Huxley Street,1
805-65-1259,Wilfrid,Coughlin,166-73-2714,6 Del Mar Park,3
673-33-0117,Raviv,Ikringill,477-89-9566,177 Shopko Pass,4
716-66-2684,Cameron,Capeloff,166-17-2938,2328 Bayside Court,1
240-71-3995,Adelheid,Mattersey,111-57-6483,324 Iowa Crossing,2
733-40-4171,Rabbi,Vanichev,855-13-3595,1119 Haas Lane,2
511-42-1369,Francesco,Pack,147-95-8206,2766 Loomis Plaza,3
237-59-0715,Erie,Aylen,543-19-6903,8 Londonderry Parkway,3
171-49-8509,Branden,Mooreed,230-34-1000,12637 Birchwood Center,3
605-78-5547,Keefer,Norvell,154-43-8897,35 Rowland Avenue,4
236-02-2601,Nichole,Giacomi,768-83-6622,2790 Del Sol Park,1
237-25-3908,Marcia,Parrot,849-25-4255,0032 Eastwood Alley,1
735-76-8988,Bartholomeo,Feasey,785-45-2810,4 Corry Drive,3
418-82-7146,Merna,Profit,447-69-9386,5 Vernon Pass,2
127-37-2305,Gretal,Harvett,377-51-9407,59 Novick Terrace,1
388-34-0421,Penni,Castellini,370-23-5597,01852 South Place,4
747-18-4673,Wittie,Winning,754-65-0191,06 Kings Junction,4
816-24-5130,Maryl,Lowdwell,540-18-4966,2019 Monica Pass,4
149-93-4442,Colly,Ashpital,614-33-7102,9768 Sugar Park,4
112-70-7459,Nikolas,Rubee,689-16-9568,7413 Colorado Street,3
480-16-5393,Hettie,Oughtright,315-98-7949,514 Pankratz Terrace,1
101-60-6626,Jessy,Cracker,672-98-1883,07 Northwestern Circle,1
257-99-1436,Vonni,Olner,332-97-3804,5 Weeping Birch Road,1
371-14-2378,Filip,Demchen,751-68-7375,2 Helena Parkway,1
159-84-7880,Kristos,Colleton,131-23-6721,8 Larry Crossing,4
446-23-1846,Mallory,Janssens,771-76-6925,4239 Scoville Road,3
827-11-7215,Reggis,Crane,531-48-8262,48589 Magdeline Trail,2
102-97-0169,Yvor,Georges,231-58-6037,7376 Nobel Drive,3
176-31-2826,Rollo,Twiggs,662-09-9796,869 Aberg Drive,4
698-81-8461,Elaine,Clac,605-38-3266,1 Amoth Court,3
492-13-4293,Madelon,Izac,818-37-5217,737 Ryan Point,1
746-47-1173,Hali,MacShane,730-42-2018,38 Sullivan Trail,1
646-59-4548,Leola,Blagdon,389-12-8656,06958 Golf Course Pass,2
596-06-0601,Tim,Chilver,675-20-0278,4998 Sutteridge Court,1
349-81-2760,Merissa,Halegarth,682-67-0635,739 Harper Center,1
410-99-9409,Trisha,Twelftree,864-19-1935,0 Mesta Hill,2
829-86-6057,Sebastian,Rosewall,558-11-6124,5 Superior Pass,4
382-07-9591,Bradney,Smither,489-17-1201,1897 Oneill Place,2
476-50-4374,Frederique,Loeber,459-46-1647,4262 Elmside Way,1
863-79-0673,Kipper,Matthensen,889-42-6016,38273 Lakeland Center,1
564-02-4123,Poppy,Porker,660-44-5467,7394 Sachs Terrace,4
329-32-2413,Erinna,Leacy,550-25-4541,90873 Continental Center,1
258-83-8305,Danni,Trotton,351-55-2335,5818 Haas Terrace,1
335-08-3444,Ardella,Mazillius,411-93-7776,15851 Carey Lane,1
690-30-7914,Carleton,Le Floch,160-48-8247,5 Arkansas Street,4
536-43-6189,Dasie,Treher,780-93-1954,8 Dakota Crossing,3
541-36-9823,Sisely,Feek,679-31-6281,5 Pankratz Avenue,3
448-06-7233,Monika,Dell Casa,780-43-9975,374 Hauk Terrace,2
213-38-4342,Kathye,Gillson,727-44-9283,9 Columbus Point,2
614-75-4582,Dillie,Browse,786-39-5306,369 Rieder Alley,1
839-82-8551,Titus,Fraczkiewicz,653-55-8332,61722 Schurz Parkway,4
518-51-1006,Ewen,Pogson,478-37-1037,01096 Southridge Circle,1
405-72-4660,Muriel,Stodhart,670-87-3643,654 Everett Court,4
306-41-6690,Katinka,Durtnell,493-97-3253,482 Transport Junction,2
866-78-4116,Kylie,Bold,470-19-3670,02427 Golf Pass,1
883-17-8811,Kaycee,De Giovanni,272-55-4962,77 Spaight Court,3
722-48-1377,Skell,Fishby,559-16-6434,00 Spohn Crossing,4
560-88-7189,Betti,Prose,352-73-2230,43 Walton Junction,2
586-64-8822,Marta,Myrkus,652-05-7954,41 Lerdahl Pass,1
568-66-8223,Lorenza,Whistance,539-32-3022,2 Lerdahl Circle,2
314-18-1449,Gillian,Whoston,498-18-2236,11 Talmadge Pass,4
636-78-9543,Elmo,Michelle,688-05-5434,42 Red Cloud Plaza,1
227-85-9875,Weider,Baldoni,476-22-0421,5 Grim Lane,2
331-31-5294,Caryl,Nellis,630-98-1169,03 Sunfield Point,1
892-21-3440,Silvio,Feathersby,588-23-2978,702 Nelson Plaza,2
736-45-5572,Jammie,Sarjeant,777-96-5169,86 Eliot Junction,2
402-49-8117,Jennine,Scutt,491-27-7447,95773 Carpenter Parkway,2
505-63-1790,Matthieu,Heritege,565-71-6709,78 Parkside Road,1
405-38-5328,Barnie,Blinco,280-95-6432,8598 Lukken Trail,2
403-23-1218,Juliane,Leads,473-59-7310,6 Lake View Hill,3
149-88-2405,Cathyleen,Ide,535-38-8380,55 Hintze Point,2
797-09-0135,Imojean,Flux,677-85-3071,479 Chive Avenue,1
870-87-2260,Erie,Perigoe,188-04-3535,67658 Talisman Hill,1
148-15-0122,Skipp,Oliphard,692-21-4393,0 Lillian Lane,3
129-75-4833,Nehemiah,Buckenhill,708-98-7700,1 Shasta Point,1
693-09-8245,Hernando,Ishak,878-51-8951,394 Burning Wood Street,4
483-98-3530,Trudi,Lindholm,352-10-2157,3 Pine View Court,1
767-70-6124,Linnea,Shephard,619-28-9301,65379 Walton Court,1
482-46-3884,Torrie,Piddington,363-42-3343,934 Shoshone Junction,1
322-77-7819,Thayne,Seakes,138-25-2692,2 Surrey Drive,2
336-50-7792,Morgun,Feehely,358-07-0780,20 Vernon Road,3
724-98-4091,Rock,Chaffe,519-49-7522,62 Meadow Ridge Drive,2
113-67-0114,Wadsworth,Claworth,360-54-6495,264 Moose Street,1
807-82-1282,Veriee,Quibell,847-07-7711,14880 Golf Course Way,2
866-88-9277,Desiri,Egarr,606-09-3892,95239 Dottie Hill,3
214-68-9024,Jermaine,Erskine,471-30-2918,8103 Vidon Way,4
628-56-0880,Vevay,Placido,116-27-0741,9 Merry Road,3
273-26-4700,Turner,McCarly,147-83-8097,26298 Dottie Park,2
586-09-7621,John,De Cruce,494-21-0743,811 Stone Corner Park,4
705-93-6156,Agnesse,Keel,806-57-9351,0 Everett Park,3
596-51-1746,Vale,Bewshaw,455-47-1976,771 Corben Pass,1
429-19-2702,Saloma,Basnall,597-65-3435,68 Lillian Court,1
655-47-4778,Billi,Dempsey,522-76-4453,38 Hovde Hill,3
507-54-8980,Gardner,Mougin,158-43-4141,28 Straubel Alley,1
461-82-8835,Lara,Petrello,188-33-6506,2 Lerdahl Crossing,3
744-28-8917,Zara,Gilfoy,358-70-0676,55 6th Avenue,4
198-22-4369,Dal,Graveston,354-80-0528,09428 Oriole Avenue,3
305-56-1123,Creigh,Constant,323-37-1624,195 Myrtle Road,4
769-38-0907,Devan,Ruggiero,868-42-8015,0 Lien Drive,2
267-10-0318,Dara,Dossett,281-87-3781,09943 Ridge Oak Court,2
218-81-6102,Breanne,Delgado,511-44-9676,5 Bowman Pass,2
658-62-7409,Willey,Feilden,737-37-8707,6418 Talisman Circle,2
773-61-8005,Odessa,Dron,462-30-8604,4 Clove Place,3
619-04-2412,Chris,Quilligan,558-33-7524,046 Sunbrook Park,1
201-68-2952,Karyl,Ackred,405-05-3136,90 Stephen Lane,2
481-84-6164,Kenny,Ganley,392-71-7897,360 Upham Terrace,2
230-19-4180,Remus,Sisneros,579-60-3733,12 Surrey Road,3
614-33-1528,Kathie,Phipps,216-47-4934,1 Fulton Pass,3
572-83-5675,Joell,Maskell,290-45-0885,4 Manufacturers Center,3
491-44-8594,Conni,Gumly,155-34-4303,01 Twin Pines Crossing,3
182-51-3121,Lanny,Crannach,827-56-9062,547 Lyons Hill,2
446-08-2907,Lenna,Dineges,667-02-9811,8417 Rockefeller Street,3
880-32-6023,Berkie,Arrowsmith,249-51-7944,7252 Onsgard Center,4
694-29-8097,Federica,Shorrock,308-41-1244,3530 Park Meadow Park,2
261-93-3553,Rick,Broadberry,745-02-6019,9 Monterey Plaza,1
201-55-6415,Deborah,Ludy,654-68-0344,25 Ryan Hill,4
479-64-3398,Concettina,Pear,483-57-4373,417 Westend Way,3
663-57-4364,Fransisco,Biaggioli,762-06-4029,1562 Washington Place,2
385-70-4479,Ali,Danels,154-58-1390,9 Moose Park,1
604-55-7607,Hazlett,Womersley,506-97-5996,3268 Autumn Leaf Alley,3
646-99-5436,Berty,Ambrus,518-13-5279,1598 Pearson Trail,1
757-70-4286,Chad,Imorts,289-66-6909,2 Bayside Court,3
259-74-9313,Marylynne,Sancroft,170-32-3787,678 Victoria Park,4
249-77-4297,Itch,Brann,800-81-0425,7 Oakridge Way,2
806-30-3443,Steffie,Hyman,847-10-0426,3454 Messerschmidt Alley,2
751-55-8552,Tiebold,Billson,483-14-5080,0981 Corry Park,3
327-01-3730,Abrahan,Haws,557-07-5860,960 Ilene Plaza,1
701-68-9931,Anthony,McGauhy,158-60-5201,4 Golf View Park,2
563-11-9532,Dominga,Sute,239-79-1829,11215 Bellgrove Pass,1
149-22-8586,Janie,Serris,746-66-8177,5 Sage Pass,2
373-36-6795,Marcelline,Sillis,702-42-8456,022 Evergreen Junction,2
149-63-4115,Arlinda,Bjerkan,577-84-5821,55 Corben Court,4
439-32-7963,Forster,Hapgood,737-82-9855,093 Hovde Park,2
898-93-8824,Bobby,Toovey,886-67-4764,48106 Kinsman Crossing,2
514-67-9141,Gilligan,Greenhead,301-10-1361,110 Hermina Terrace,3
802-81-5055,Fransisco,Poundsford,173-07-4361,454 Dryden Park,3
765-29-4883,Lotti,Cowser,304-84-9711,41 New Castle Parkway,3
300-31-9658,Kirsten,Zywicki,741-53-7563,8 Lukken Terrace,2
305-92-3615,Noellyn,Wrout,551-30-3681,5357 Ludington Trail,4
833-06-9448,Benn,Thompson,787-81-5804,15 Village Court,3
473-44-8703,Phineas,Outibridge,842-52-4000,45 Walton Plaza,4
729-70-1814,Isobel,Dedrick,188-57-4629,67 Nelson Hill,2
528-92-5398,Sonnie,Checci,356-85-2137,10032 Fulton Way,2
316-73-5532,Caresa,MacLure,864-06-2151,8065 Loeprich Lane,3
608-84-0423,Carlin,Katt,136-54-1357,7 Holmberg Avenue,1
428-95-6201,Ricoriki,Ropking,233-28-7934,6233 Thackeray Road,1
394-04-5321,Ernesto,Morat,333-94-9108,519 Hoepker Street,1
516-70-8845,Walsh,Habbeshaw,725-29-9306,65 Briar Crest Avenue,3
734-06-4005,Pablo,Najera,868-94-8844,1 Mccormick Alley,3
196-36-1187,Trula,Postle,320-61-6711,0 American Street,4
690-10-3810,Liesa,Fowle,783-96-6678,6 Bunker Hill Trail,4
819-15-1554,Gennie,Stollen,388-97-3012,993 Merrick Parkway,2
749-97-2026,Chrotoem,Stellin,535-79-6444,5 Boyd Center,3
487-74-3237,Ethan,Chadwick,109-57-8862,62573 Columbus Alley,2
375-91-3830,Emmy,Olliver,148-54-1663,87464 Arapahoe Way,2
425-34-3374,Ardis,Chugg,126-95-1924,90 Almo Avenue,4
209-80-4161,Carin,Soffe,504-72-0688,477 Manley Plaza,1
373-26-1770,Kerstin,Jannasch,308-36-0750,089 Holmberg Plaza,2
148-94-4418,Audry,Pym,546-87-5335,0949 Alpine Parkway,4
522-42-4227,Shelley,Betser,884-41-9394,6 Hintze Place,4
879-61-8780,Rania,Glidder,733-11-5425,79711 Forest Dale Hill,2
681-36-7683,Paxton,Morena,522-04-4546,6 Mallard Way,3
565-72-5625,Langston,Fittall,177-89-2430,42 Montana Way,1
223-01-9567,Marinna,Sollam,164-67-0334,02354 Dixon Point,4
848-47-0964,Tabby,Knapton,716-63-4506,3308 Marquette Way,3
151-45-7902,Bertrand,Skull,638-17-6230,74509 South Street,1
811-48-2485,Gaile,Tomek,679-38-7561,6 Annamark Place,4
172-08-6046,Daisy,Senecaut,863-31-0510,3875 Walton Avenue,3
165-27-9283,Stirling,Woodwing,443-43-8154,6 Esch Circle,3
147-25-1991,Janith,Legrave,723-62-4461,92 New Castle Court,3
449-60-1692,Ninnetta,De Blasi,783-39-5956,057 Cherokee Road,2
317-49-3673,Leia,Janatka,448-94-1178,996 Spohn Center,2
626-81-9029,Efrem,MacCostye,292-25-0252,6808 3rd Hill,4
456-98-7051,Dick,Edon,197-36-1134,4 Esch Plaza,4
406-36-3904,Myrtle,Mattingley,649-93-2098,7 Sachs Plaza,4
216-81-4639,Fiann,Boyfield,330-81-9314,1 Saint Paul Terrace,4
430-57-3694,Nannie,Blake,315-97-8246,2 Mallard Junction,4
367-52-0291,Randi,Vasenin,809-31-9828,047 Oakridge Place,4
596-92-2994,Marquita,Fullbrook,362-84-6803,035 Warrior Road,2
542-64-0082,Desi,Forty,399-44-5947,86 Redwing Avenue,2
685-86-9570,Bertie,Cruickshank,819-52-0316,4349 Fremont Plaza,3
739-87-7045,Isis,Franceschi,253-55-7854,91927 Cherokee Circle,4
210-26-9471,Madelaine,Assante,843-44-1067,955 Eliot Avenue,2
119-88-3902,Lonny,Kneebone,393-32-2766,4 Mariners Cove Terrace,2
305-34-2202,Stanford,Triplet,823-36-3847,271 Jana Point,1
797-81-7765,Eliza,Rosier,617-63-9475,9005 Starling Trail,1
393-68-5788,Laurie,Rapier,886-73-3627,877 Glacier Hill Road,2
440-30-7826,Augustine,Jarmaine,676-11-9871,95254 Esker Drive,4
603-44-4112,Bealle,Whiten,650-07-5381,203 Emmet Parkway,4
721-43-7685,Eda,Hadcroft,119-16-2321,34011 Thackeray Plaza,2
359-66-8017,Wolfy,O'Regan,252-23-8150,51962 Menomonie Plaza,4
403-06-7211,Goddard,Gartrell,372-81-0215,9 Ridge Oak Hill,2
467-87-3324,Britteny,Feld,630-46-3943,227 Gulseth Avenue,4
175-87-1840,Joceline,Folbige,303-57-4665,29438 Debs Trail,2
107-30-9019,Sada,Ronnay,187-24-7180,374 American Ash Park,4
254-98-5399,Gibbie,Eschalotte,256-43-9020,81042 Thompson Park,3
464-23-1066,Kimberley,Boniface,410-49-7229,24 Colorado Trail,4
574-07-9560,Gard,Wagge,868-85-6871,0 Hoard Plaza,2
213-78-8010,Cecil,McMains,789-39-3514,56 Warrior Park,2
646-08-4964,Roderic,Salatino,616-28-4446,3 Blaine Court,3
792-04-7359,Francois,Isenor,516-12-2773,71 Vernon Street,3
509-93-3238,Dian,Balchen,647-72-3078,08 4th Point,2
833-52-7210,Ermina,Keble,647-33-1033,883 Crest Line Plaza,2
269-98-8537,Flint,Saltern,821-54-4871,237 Carioca Alley,1
139-41-0576,Rodger,Besque,475-76-4629,48 Fremont Hill,1
521-31-2232,Sharon,McQuillen,127-73-0476,27 Moulton Park,2
358-04-3946,Shalne,Morratt,214-19-1541,7 Atwood Crossing,1
660-46-5565,Caesar,Ziems,471-83-1535,5027 Ramsey Point,4
316-65-1104,Artemis,Mulford,138-08-8364,2 Rowland Pass,2
379-93-6524,Nessi,Pauncefort,823-39-1743,0300 Kedzie Drive,3
803-97-0587,Nessa,Orrobin,823-64-7570,59 Gerald Parkway,4
672-52-3845,Roseanna,Dewen,897-33-7124,49 Golf View Crossing,4
795-27-1573,Jared,Farley,610-53-7732,63014 Dakota Park,4
548-29-1453,Ardeen,Krier,161-31-7975,83899 Westridge Way,1
597-52-7566,Adi,Portch,106-50-8144,518 Trailsway Place,4
222-51-6359,Cheryl,Dunsleve,366-04-8438,06829 Gulseth Pass,4
726-63-8371,Robinetta,Ozelton,608-83-5926,7427 Springview Alley,2
805-45-8097,Elinor,Base,341-81-1814,001 Colorado Center,3
859-94-7701,Chip,Bickersteth,189-80-1019,7895 Badeau Point,2
285-25-0075,Andreas,Carstairs,514-41-8346,88 Becker Lane,1
564-35-9517,Eloisa,Burland,842-72-9584,783 Portage Crossing,2
642-58-6394,Brucie,Stroyan,843-67-3194,35 Gale Plaza,3
432-37-8399,Debra,Calafate,147-69-0621,83151 Farwell Alley,3
673-56-0034,Gerry,Mc Comb,327-05-1110,50 Hoepker Plaza,4
881-45-9284,Grover,Argile,435-98-1658,13905 Summerview Crossing,4
334-40-7702,Alwyn,De Meis,110-61-5891,422 Laurel Plaza,3
239-66-4211,Sibby,Jelly,206-80-8949,6 American Way,4
482-71-8317,Dorice,Valentine,651-84-1768,4696 Twin Pines Way,3
576-64-5615,Josephine,Simeons,450-98-3856,19 Fallview Junction,3
179-19-8329,Stefano,Ayris,743-98-4076,10136 West Court,4
668-11-5063,Curry,Extil,418-48-5348,21 Bonner Avenue,2
353-66-6650,Gladys,Brasier,115-82-9689,9 Waxwing Road,4
204-38-4850,Ware,Meenan,283-36-8254,64 Bartelt Drive,2
269-55-5762,Herrick,Dunabie,460-31-1942,74 Armistice Avenue,2
258-30-1667,Giorgia,Bonnette,868-77-1651,8020 Oakridge Trail,4
265-85-1549,Candis,Cruden,202-07-6040,4 Pepper Wood Park,1
722-71-5011,Elden,Trayte,110-28-5455,04174 Ruskin Road,3
188-61-5616,Filip,Ladbrook,155-31-5942,96 Fulton Place,2
556-25-3428,Persis,Bolzmann,619-29-3849,49 Dayton Point,2
808-47-8466,Miguelita,Napthine,332-47-8186,751 Blackbird Court,4
721-70-9902,Burgess,Parsley,198-16-7743,95619 Scoville Park,4
498-33-7797,Max,Bernini,235-01-4931,71 Graceland Center,3
467-07-0692,Clotilda,Morton,358-97-1054,283 Prentice Drive,1
176-15-1259,Ricca,Morteo,617-46-1032,0989 Homewood Junction,2
682-91-6745,Rutter,Ratnege,395-04-0585,92263 Clemons Way,3
294-52-7492,Stacee,Stoop,150-40-9538,13 Spenser Alley,2
761-47-5749,Jana,Stenet,285-15-2654,689 Arapahoe Hill,1
640-55-6967,Eydie,Duesbury,184-51-2932,81065 Buell Crossing,1
296-03-3323,Beatrisa,Stone,676-81-2883,76140 Troy Place,2
172-04-2358,Lauree,Fonte,848-03-5014,87028 Fallview Plaza,3
373-20-0157,Myrvyn,Hackett,610-16-4911,80 Farragut Point,2
831-14-8220,Chiquia,Cosford,357-39-6699,2 Fisk Plaza,4
356-16-4573,Lin,Hawthorn,598-34-8182,470 Grasskamp Court,4
408-54-1614,Ciel,Keith,608-57-2406,3 Old Shore Terrace,1
621-64-1152,Trip,Gaize,658-38-9790,47 Towne Circle,2
217-64-2878,Aldrich,Kaliszewski,225-86-2637,600 Bunker Hill Terrace,4
644-08-9549,Conny,Glas,815-34-7401,99 Farmco Hill,2
274-06-7842,Edan,Ewebank,445-21-8664,7 Beilfuss Pass,4
296-55-3776,Mary,Lesurf,119-25-6574,2235 Sunfield Road,4
772-14-6500,Berton,Mardling,441-54-7192,76475 Burrows Court,4
357-52-7976,Del,Martensen,403-73-3088,304 6th Point,1
473-22-4769,Charisse,Prestedge,641-81-0069,96347 Kenwood Plaza,3
594-96-1917,Roxi,Weddeburn,604-60-6881,86 Hintze Junction,1
290-98-3396,Mill,Benjafield,402-57-9394,408 Lighthouse Bay Way,2
889-74-5036,Tadeo,Paten,879-27-5283,59785 Welch Circle,2
425-13-2469,Rozamond,Garvin,669-60-3884,6 Kipling Park,1
722-07-2176,Dylan,Althorpe,128-51-2832,66 Karstens Junction,3
128-93-8160,Nicoline,Carmen,105-78-3482,65557 Rockefeller Junction,2
810-65-0192,Skip,Woodyear,744-56-7217,9739 Scofield Street,4
465-19-4296,Omero,Lugsdin,895-31-2381,529 Doe Crossing Park,1
672-73-7330,Pietra,Milligan,740-86-3427,3 Spaight Parkway,2
752-30-0062,Benedetto,Fomichyov,733-55-7274,95085 Carey Way,1
630-02-6776,Elmore,Liddington,167-45-3594,32 Kropf Place,3
476-01-2831,Suellen,Kiernan,845-75-7410,9 Dapin Way,3
503-89-2369,Sela,Leppington,162-17-4891,28 Pawling Terrace,3
139-96-5281,Ewell,Lidgett,264-87-0498,34323 Barnett Pass,3
663-63-2771,Milissent,Crellin,171-77-0383,50887 Pepper Wood Drive,3
472-70-6882,Hamel,McLeish,328-08-9234,9 Schiller Circle,2
673-33-5564,Legra,Kippie,164-46-6046,9346 Farwell Alley,2
363-06-9814,Dav,Peatt,875-44-5335,65 Chinook Crossing,3
624-76-1426,Pasquale,Marconi,423-06-1911,2203 Jenifer Parkway,1
283-33-8208,Irving,Dene,279-18-4302,02209 Dryden Street,4
565-94-7813,Dacia,Ropkes,507-28-7909,1 West Parkway,2
804-89-1152,Fina,Baggally,681-55-4402,589 Sachs Avenue,1
508-15-9539,Jimmie,Gilbart,457-54-9790,04 Florence Circle,3
882-86-0589,Lee,Camus,360-30-7445,87 Ronald Regan Pass,4
705-65-7135,Lusa,Farans,361-23-1823,4 Mayer Lane,1
516-90-7006,Bank,Hallford,211-66-0928,730 Green Ridge Terrace,2
302-07-8102,Tammy,Pond,886-62-3454,72 Sunbrook Junction,1
250-05-9990,Elysee,Hugonet,732-04-5850,50 Sachtjen Point,1
528-69-8626,Hasheem,Enterle,240-43-0318,76 Lillian Terrace,2
464-34-3066,Alis,Raysdale,856-12-1448,3913 American Ash Place,2
358-58-0785,Washington,Gain,656-76-8940,2 Carey Park,4
836-12-9863,Cassi,Millard,304-14-6325,3 Pepper Wood Place,4
358-54-6575,Joan,Cottee,138-61-7536,5 Main Junction,2
258-71-9350,Nanete,Getch,178-71-7097,4788 Warrior Road,1
846-47-6036,Francklin,Menis,685-05-1154,972 Bluejay Alley,3
474-65-9556,Ruth,Ewbanck,350-74-9489,06967 Myrtle Junction,3
315-04-5565,Jammal,Linacre,138-57-1833,1 Fairfield Alley,2
749-89-2515,Evvie,Crossingham,676-20-0229,58 Autumn Leaf Junction,1
646-13-1493,Karen,Mapis,216-28-6254,2 Sycamore Road,1
758-98-0826,Raddie,Dwerryhouse,800-19-7447,86512 Claremont Drive,1
572-11-1742,Arri,Duny,420-25-4040,47367 Veith Terrace,4
660-46-1966,Hodge,Collens,352-68-7205,1 Portage Lane,3
476-60-2926,Palm,Saladin,674-91-5841,1 Fremont Crossing,4
555-06-7427,Marylee,St. Quintin,813-55-8921,4681 Reinke Junction,3
228-26-1027,Sarah,Woodfield,726-51-0006,54517 Declaration Alley,4
679-55-8401,Hunfredo,Sapena,185-35-0191,05 Lukken Crossing,1
835-35-4526,Abey,Sauter,481-72-6072,76501 Farwell Trail,2
834-78-1958,Tom,Caccavari,139-27-9703,5 Myrtle Circle,4
452-66-3732,Doe,Teaz,439-74-1443,92 Mcguire Parkway,1
471-79-3773,Seana,Eastwell,391-91-2441,92126 Macpherson Place,1
232-77-1417,Gale,Lenox,493-63-8835,1 Pond Crossing,4
671-54-0441,Eda,Brearley,175-63-0476,98 Northfield Way,3
108-48-1924,Sylvan,Guinness,881-12-5891,387 Vahlen Court,1
103-76-1868,Rhiamon,Gramer,674-29-1008,54873 Green Ridge Street,4
769-44-8842,Ase,Grinaway,341-57-0897,04 Wayridge Avenue,1
659-04-3400,Salomo,Janiszewski,767-84-0434,736 Ridgeway Terrace,4
288-30-9104,Louella,Piolli,358-30-2212,5 Londonderry Court,2
736-35-3320,Ximenes,Teese,888-17-1486,61 Algoma Point,4
724-89-0876,Terese,Jamieson,794-60-0992,4236 Laurel Park,2
330-31-1952,Gilda,Kubicka,744-92-4515,8371 Grover Way,1
120-21-8242,Jesse,Eccleshall,526-55-8823,5592 Claremont Trail,1
520-75-5197,Vanni,Logan,622-86-0817,7506 Manufacturers Park,2
615-85-2992,Bernette,Leyborne,278-18-8188,688 Mitchell Trail,1
532-24-5954,Terrie,Alfonso,760-29-6832,2373 Forest Run Parkway,1
537-08-3361,Susann,Bertelet,631-05-3634,91213 Roth Trail,1
340-43-0004,Holly,Heyfield,615-55-6045,06316 Donald Road,1
760-18-0800,Hiram,Tesche,413-64-4854,503 Wayridge Plaza,1
786-42-7303,Therine,Roantree,351-62-1419,8 Green Ridge Road,3
462-03-0037,Carly,Ead,558-86-9048,5 Northland Junction,4
216-13-5581,Shurlocke,Steade,696-41-5439,8 Becker Court,1
715-64-8462,Ansell,Mintoff,271-31-5075,7 Clemons Plaza,2
542-52-0823,Ted,Seldner,291-70-4523,2830 Dwight Center,2
235-99-4839,Dexter,Elger,763-75-3525,26 Quincy Trail,3
609-48-6047,Trudey,Brunsen,711-36-6606,5107 Valley Edge Parkway,3
443-92-8274,Edwin,Petherick,262-23-7982,471 Larry Center,3
767-21-8787,Aguie,McCard,295-15-1629,88493 Center Park,1
471-74-5272,Audre,Gadman,546-82-1264,8089 Buhler Court,2
134-04-0898,Daniele,Izod,253-16-8323,509 Garrison Pass,4
576-73-8587,Arri,Patria,616-88-3998,370 Bellgrove Way,2
364-36-4246,Elfrida,Sander,550-40-2928,72 Burrows Plaza,4
678-70-3388,Gorden,Lissandre,865-25-5465,968 Oriole Place,3
884-23-3406,Willow,Ragate,791-46-6360,13326 Ryan Point,2
649-02-0476,Celestina,Novello,233-34-8988,82098 Hagan Pass,4
388-71-8776,Hesther,Boyne,423-76-4156,9 Summit Junction,1
339-72-7579,Leandra,Dayce,321-83-5520,4238 Bowman Road,3
725-67-3374,Tatiana,Suggett,579-48-9837,43 Spenser Road,2
807-83-9770,Finlay,Feltham,125-02-3325,544 Delladonna Street,3
109-36-3116,Bernelle,Fannon,660-98-8542,75 Muir Court,4
160-98-2344,Darcy,Kettell,476-52-5833,38 Erie Hill,4
667-37-5536,Krystal,Klagge,146-02-1027,740 Division Lane,4
527-48-4697,Paige,Grestye,378-04-8871,7120 Columbus Alley,3
831-52-2060,Padgett,Magrane,326-58-7221,68370 Larry Avenue,2
523-79-9112,Raquela,Staniland,578-27-5325,442 Oakridge Court,4
827-58-9369,Velma,Rodenhurst,515-68-0478,82 Manufacturers Trail,3
172-59-8614,Yalonda,Arnoldi,660-34-7330,525 Mifflin Crossing,4
875-46-8900,Hasheem,MacMarcuis,232-90-1462,99024 Morning Park,3
244-41-6598,Marcelline,Ferraron,782-30-9564,9101 Old Gate Terrace,2
429-74-6910,Ogdon,Madeley,771-13-3339,0 Rusk Street,4
670-43-4891,Romain,Graves,157-29-1001,828 Farwell Crossing,2
104-82-4821,Ingaberg,Ary,741-91-9138,32959 Havey Parkway,1
674-26-8798,Irma,Blaszkiewicz,326-05-0518,3 Maple Wood Way,2
110-78-7762,Lettie,Vasilchikov,106-94-0243,70 Vermont Avenue,3
398-04-1364,Estell,Perfect,567-75-9561,51872 Green Ridge Circle,3
656-83-8860,Morgan,Bernat,347-69-9075,4 Chive Street,2
722-38-0433,Abe,Wrightam,554-87-5558,386 Bunting Plaza,3
658-49-7262,Hermia,Gardiner,866-85-4239,366 North Park,1
224-40-8847,Claiborn,Paffett,540-27-5113,04244 Arizona Alley,4
283-36-1461,Jerrold,Wychard,684-01-0547,5 Kingsford Drive,3
466-44-9887,Tremaine,Ianinotti,704-07-4455,7 Oneill Place,2
795-19-5130,Murry,Dreini,373-37-2972,86580 Scott Circle,4
322-17-6396,Gareth,Noddles,260-20-6500,0 Algoma Plaza,1
546-66-0337,Cal,Moden,277-25-9895,32839 Manitowish Crossing,1
438-92-5375,Franny,Skirven,773-48-2125,7356 Kipling Point,2
447-89-6888,Jennilee,Goodhew,349-63-2827,5 Bartillon Plaza,4
590-75-2039,Jemima,Benedite,307-41-9245,64 Valley Edge Plaza,3
746-81-6557,Domenic,Braunstein,512-85-9256,59205 Red Cloud Way,3
607-91-6917,Ursala,Ligoe,449-89-3428,5 Kipling Plaza,3
222-63-8887,Sarge,Klaggeman,351-06-2273,1 Green Ridge Trail,3
797-30-2425,Genevra,Hessing,149-40-9974,705 Wayridge Point,1
502-25-0680,Karlene,Blasoni,519-39-5998,38032 Fulton Park,3
118-76-9426,Pia,Sandcroft,786-30-8032,85 Petterle Pass,2
143-18-0743,Boris,Cantillion,268-71-6361,580 Manufacturers Court,3
517-84-9186,Averyl,Jaspar,547-71-5915,23814 Spohn Junction,2
201-67-5561,Killie,Cowwell,779-64-4027,99 Jenifer Hill,2
652-66-6556,Bibi,Lax,217-74-7552,041 Esker Plaza,1
896-72-0607,Willi,Boon,805-71-9684,04 Bashford Street,1
689-78-0089,Francoise,Rodliff,430-01-2846,0 Luster Alley,2
873-98-3636,Pru,Grenter,215-29-8582,219 Anhalt Lane,1
157-84-6269,Bobby,Bolwell,855-54-7807,59696 Atwood Point,1
784-53-1756,Chancey,O'Criane,408-01-0119,8827 Muir Drive,1
883-02-3710,Ethelind,Cockrem,395-33-9851,08 Rigney Trail,2
816-20-4117,Gae,Bursnoll,456-45-1525,89 Norway Maple Parkway,1
136-08-6338,Dick,Sommerville,536-96-1781,23961 Reinke Center,2
826-35-6991,Daffy,Mackie,185-38-7952,9130 Fuller Junction,2
156-06-3012,Geraldine,Hallgath,769-84-4415,929 Nova Place,1
260-45-0741,Flss,Bonin,514-31-6367,17612 Londonderry Point,3
649-36-3355,Kliment,Barenski,205-59-8509,21015 Mendota Street,3
317-37-1493,Blanca,Youthed,235-47-9636,39 Washington Place,4
514-52-7509,Read,Belloch,628-73-7960,0 Dixon Junction,4
682-18-6392,Robinetta,Chrishop,661-24-6637,723 Clemons Park,3
617-59-1654,Corette,Barbe,153-66-1910,2842 La Follette Way,4
807-53-0927,Ebenezer,Midden,779-85-0108,734 Ramsey Road,4
698-05-4134,Thebault,Miskimmon,137-17-5197,31 Pine View Place,2
812-44-8146,Eric,Bye,894-82-0936,9841 Carpenter Center,3
411-26-6624,Valli,Reaveley,504-42-6927,83380 Cody Plaza,3
795-85-6001,Alexandros,Elvidge,238-53-8893,8170 Burrows Park,1
768-98-8416,Hortense,Spens,558-64-2066,25 Prentice Court,1
239-39-3819,Peggi,Records,609-80-1515,53483 Katie Pass,3
746-64-5860,Kaile,Blasio,731-68-3311,18 Eastlawn Center,3
167-52-1252,Kiri,Arnall,819-50-7683,2 Kedzie Pass,1
752-08-5961,Gabriele,Ventam,879-58-1824,0804 Prairie Rose Avenue,2
886-09-7100,Jordanna,Palk,619-86-0684,47 Express Terrace,2
525-60-0124,Fayth,Beilby,741-94-3072,32148 3rd Drive,3
138-31-2393,Killian,Clatworthy,321-70-2375,91 Main Terrace,2
673-56-5486,Andree,Trainer,459-80-8530,626 Vermont Avenue,2
394-89-1937,Kalie,Widdecombe,480-33-6723,31 Burrows Lane,1
753-99-6716,Herculie,Standish,757-22-4401,4 Portage Street,3
757-76-4647,Anatola,Jirasek,621-66-3745,668 Bonner Trail,3
789-93-6777,Alexei,Randall,390-44-1639,30785 Birchwood Alley,3
623-76-3947,Karlotte,Furlonge,640-88-7349,3494 Fairview Lane,2
636-34-2013,Xever,Bascombe,633-20-9861,2154 Pankratz Circle,3
882-52-1544,Corny,Searles,455-88-4383,912 Derek Street,2
875-42-9517,Jervis,Hinckesman,698-36-1164,3816 Emmet Street,2
819-29-2865,Hephzibah,Hames,191-09-2534,13013 Dexter Park,1
609-42-8536,Ailyn,Vannacci,433-92-5555,571 Coleman Lane,3
392-16-3299,Garry,Wearden,507-65-7731,325 Harper Road,3
179-81-3290,Leanna,Dugan,549-13-2785,9179 Jackson Junction,1
607-29-0773,Ryan,Danielsohn,463-18-4009,1016 Clemons Pass,3
195-34-0012,Lemmy,Rolles,883-26-3874,4 Erie Point,4
599-76-3842,Minette,Olechnowicz,800-90-3132,93 Bayside Place,1
625-06-4772,Chandra,Orhtmann,223-34-5134,8757 Anthes Street,2
822-33-6737,Flori,Fumagallo,264-32-7878,4 Nelson Center,2
777-55-9913,Mignonne,Trebilcock,878-06-7046,839 Marquette Trail,2
222-13-4439,Nester,Barenskie,316-31-4392,92388 Westport Court,4
281-44-5289,Cissy,Clowsley,337-81-0209,50045 Ohio Street,3
117-72-4420,Maggy,Ailward,485-94-3769,586 Hallows Drive,3
418-22-7454,Sylvia,Tremble,281-33-8432,1991 Trailsway Street,1
798-81-3008,Donal,Eynon,217-28-4968,944 Arizona Road,2
235-94-7732,Jehu,Snaden,353-63-9522,2371 Ryan Junction,1
286-62-7663,Pieter,Feldhammer,384-82-0543,28 Colorado Circle,4
828-28-2868,Sandy,Minchinton,299-04-5988,69699 Portage Circle,3
879-66-0297,Antons,Libermore,424-51-5236,6068 Morning Point,4
409-82-0711,Farris,Ranns,485-50-7581,263 Harper Hill,1
466-95-2863,Kelby,Caughan,358-67-2286,5902 Waubesa Alley,1
704-14-1192,Sileas,McKissack,725-68-6424,138 Pennsylvania Lane,1
686-99-8859,Yorker,Bucke,668-56-1247,314 Burrows Hill,3
356-40-0831,Ronda,Magwood,580-21-5471,35 Park Meadow Center,4
882-75-7036,Bertina,Rainville,493-99-6009,3878 Clove Terrace,1
770-64-2520,Joseito,Ausello,772-60-2488,41 Packers Drive,3
267-73-9558,Wanids,Gajewski,839-87-7633,1576 American Ash Pass,1
329-38-6935,Kathie,Jeandillou,645-20-6820,5741 Carey Trail,1
174-15-8326,Amelita,Colbrun,326-92-9962,4016 Chive Pass,1
263-95-2890,Renaud,Baudou,242-49-7503,37 Dahle Alley,3
316-84-8633,Bette-ann,Buckle,257-56-5863,317 Meadow Valley Drive,4
733-73-5440,Riannon,Bulstrode,594-85-9939,220 Lyons Parkway,2
161-57-5089,Helaine,Wagner,575-39-4847,6972 Nelson Circle,2
293-64-9107,Shari,Kobelt,200-97-3888,1 Nevada Crossing,2
646-94-0174,Xylina,Cockshoot,309-70-1471,6352 Brickson Park Junction,4
132-97-5304,Myrah,Lammerich,402-40-2433,24 Waywood Terrace,1
553-43-2622,Shel,Syfax,309-11-7965,0 Sachs Center,2
766-82-9579,Marion,Vodden,141-14-8453,725 Crescent Oaks Avenue,3
718-19-2323,Gibby,Northcliffe,329-33-2498,51 Evergreen Hill,1
262-08-3401,Ricki,Shanley,143-44-6227,219 Hollow Ridge Alley,3
259-29-4715,Peg,Deavall,834-04-7298,1256 Erie Pass,3
514-56-2645,Doti,Littleton,202-10-1331,12 Toban Junction,2
618-39-2289,Ruttger,Dusting,242-37-4425,9376 Derek Pass,2
698-02-5948,Welby,McDowell,608-83-5950,0 Dixon Alley,3
115-61-2964,Elfie,Chapleo,848-88-2705,9 Cody Parkway,1
177-57-4196,Domenic,Castagnasso,355-91-3959,11 Dayton Circle,1
752-01-4135,Brena,Bahike,673-29-6903,4136 Red Cloud Point,2
199-88-9121,Reeva,Hylton,400-53-5507,70 Nova Crossing,2
259-33-8163,Ambrosio,McCord,307-60-6937,930 Stone Corner Trail,3
387-72-2745,Costa,Cliffe,672-86-7270,38 Carioca Place,1
102-10-1934,Tadeo,Wagon,287-21-1862,4787 Kings Center,4
614-90-7101,Cullie,Galland,732-76-5212,9515 Graceland Way,4
125-41-7622,Nannie,Skeemer,211-58-0108,58383 Becker Way,3
816-41-4306,Aaron,Brampton,386-25-5243,74 Holy Cross Junction,2
730-79-8501,Mill,Crookston,345-23-4700,68530 Merry Crossing,1
669-50-6221,Rozele,Doram,343-54-3529,9642 Redwing Drive,4
334-76-9922,Kaia,Codling,186-93-8444,124 Brentwood Lane,2
164-92-9867,Marcellus,Ramas,292-26-0899,317 Ridge Oak Avenue,2
798-28-0309,Orella,Gasparro,603-69-5360,731 Monument Drive,1
711-96-5624,Alina,Corcut,368-66-6699,90 Michigan Place,3
384-69-3294,Margalit,Simecek,582-54-1112,03 Truax Court,3
637-91-4079,Duky,Richards,288-95-4432,88453 Mcbride Hill,3
116-59-0372,Anatola,O'Fallon,301-95-1815,2701 Warner Terrace,3
599-03-4294,Lorelei,Slorance,156-50-8211,98 Truax Alley,3
319-24-3158,Marjy,Mongain,600-02-8159,57 Laurel Junction,4
412-60-2545,Thomasina,Corkitt,259-30-2721,9511 Holmberg Junction,3
850-23-7602,Dee dee,Ruane,238-43-7048,78 Dakota Road,3
165-13-5072,Hanan,Ventris,518-82-5406,38841 Fallview Hill,4
533-37-5888,Tabbie,Ison,684-76-5831,428 Pleasure Junction,2
388-05-8153,Binni,LaBastida,154-13-2131,8928 Red Cloud Terrace,4
669-11-7379,Kata,Priver,198-37-6997,68384 Porter Parkway,3
384-01-6706,Ann-marie,Harrison,263-55-2659,43 Farragut Hill,2
556-49-3407,John,Pearson,415-46-2625,4419 Moland Alley,3
720-14-4974,Annissa,Fold,750-53-3807,9020 Golden Leaf Terrace,3
293-59-6878,Jamesy,Turfus,685-65-5711,50 Hanover Pass,2
637-36-8002,Whitney,Martusewicz,136-26-8721,8477 Forest Pass,3
444-48-9079,Clementine,Yapp,160-42-6237,670 Truax Crossing,1
556-22-1074,Uri,O'Towey,407-17-8451,29 Anhalt Way,4
818-47-5502,Flo,Blamire,813-02-3962,2 Parkside Street,4
739-42-2074,Reece,D'Errico,599-82-5938,35794 Texas Parkway,1
787-48-0115,Rene,Stichall,503-48-1896,1 Heath Way,3
790-07-8627,Evanne,Cranshaw,520-65-0321,32 Bunker Hill Drive,1
230-97-2152,Zondra,Grendon,293-92-3543,6 Dixon Pass,4
846-32-9620,Josy,Barrie,751-36-3208,5 Reinke Point,3
892-93-2968,Bondie,Ramshay,893-47-3978,0367 Warner Court,4
237-56-9288,Annis,Savary,864-96-3968,08821 Bunting Center,4
633-97-7914,Cristian,MacCarlich,868-77-0166,2752 Southridge Alley,2
559-02-0686,Rice,Macconachy,305-23-4044,3569 Karstens Drive,4
365-72-9732,Kay,Bontein,405-38-9735,634 Clyde Gallagher Place,4
720-74-0414,Arnaldo,Dudin,333-77-9449,77 Waxwing Court,4
594-05-5113,Ludovika,Daish,603-55-9002,0 8th Place,1
501-36-8764,Prinz,Adamini,356-48-2894,5 Bonner Center,2
754-87-5927,Stefano,Breacher,599-16-9611,0 Warbler Center,4
265-01-5036,Corbin,Moir,307-81-9735,90708 Manufacturers Plaza,4
550-62-8690,August,Baser,873-17-0114,442 Mallard Plaza,3
733-61-8058,Davina,Lunny,861-52-2364,96 Ridgeway Way,2
559-28-5502,Tuckie,Dubber,490-78-4723,80142 Old Gate Center,1
671-26-7341,Emlen,Muat,313-41-6754,80405 Westport Park,2
451-47-2226,Allen,Kinsell,112-47-4903,388 Mayfield Terrace,3
316-74-7057,Evvy,Passe,148-92-4523,3356 Basil Point,3
809-06-9847,Livvyy,Le Surf,576-74-1963,92 Quincy Trail,3
323-79-5138,Hyman,Giggie,233-27-5957,99 Fremont Plaza,1
434-02-1224,Titos,McAleese,691-58-7516,8 Daystar Pass,4
397-73-4239,Row,Adolphine,883-39-7503,188 Mandrake Avenue,4
870-34-8969,Dimitry,Hemshall,108-80-6724,07270 Coolidge Trail,3
761-42-0943,Kim,Tooker,107-87-7822,7723 8th Parkway,1
821-20-3593,Gizela,Bilam,401-54-9390,225 Scoville Court,2
229-85-1382,Randal,Hold,388-14-4597,6007 Merry Circle,2
697-75-5561,Amie,Loughney,646-42-2907,0380 David Hill,3
116-20-3430,Everett,Huncote,714-33-7629,69 Bay Center,4
105-15-8996,Olivie,Hullin,140-25-8577,4528 Vernon Court,2
132-24-0577,Karalynn,Sabbin,304-25-5111,096 Northport Circle,2
347-72-8207,Hobard,Elnough,103-74-5672,3 Blaine Terrace,1
117-20-1726,Nikolas,Lafrentz,157-19-6981,9855 Di Loreto Road,2
729-86-8493,Ogdon,Delooze,710-75-3263,266 Clarendon Parkway,2
108-29-3992,Hollie,Drivers,876-17-4090,69855 Arizona Circle,1
188-05-6319,Noni,Gallagher,482-13-7669,27 Lawn Way,3
107-27-1830,Em,Comusso,328-09-7485,45443 Village Road,1
478-04-3820,Craggie,Kingett,455-43-9824,45 Holy Cross Place,4
833-59-9915,Kristin,Vashchenko,489-58-8966,3 Ohio Pass,1
845-50-6728,Goldie,Saywell,726-50-0355,2275 Ryan Court,4
189-29-6192,Sandy,Barck,346-47-8397,92 Northport Avenue,4
665-18-3011,Ethelbert,Yallowley,783-89-3361,157 Elmside Hill,4
686-53-7675,Stoddard,Chiverton,435-03-9973,17982 Nevada Park,4
655-87-4381,Godard,Buchan,280-05-3553,34 Homewood Hill,1
281-38-7210,Melita,Brewin,355-02-6860,7788 Michigan Court,4
868-40-1737,Ronda,Passingham,816-47-8196,35248 Merchant Avenue,2
725-11-8904,Harlene,Emptage,783-87-8955,168 Hoffman Point,3
305-95-2501,Louis,Kemmis,648-63-9653,13767 Maple Wood Court,3
129-06-1250,Lucilia,Ravenhills,631-43-8147,4940 Everett Court,2
719-92-5940,Nolan,Dayly,625-67-5286,837 Northview Crossing,1
630-34-1307,Giorgio,Danell,794-06-1014,473 Di Loreto Plaza,3
682-57-0205,Tony,Ranner,109-81-5266,73957 Utah Alley,4
644-19-8743,Kirbie,McGaughay,367-10-2108,9 Spohn Alley,2
714-78-3133,Courtenay,Pensom,377-54-4814,23 Ramsey Avenue,2
480-49-8441,Erika,O'Scandall,622-83-1155,19 Warner Terrace,3
314-02-9315,Teddy,Lodeke,838-71-7246,22 Oxford Pass,1
260-73-7389,Sidonia,Brenneke,499-55-2009,3 Summit Alley,4
552-08-0209,Heindrick,Rough,243-58-5790,64292 Buell Junction,3
484-08-0587,Georg,Orgee,494-21-1409,78330 Thackeray Place,3
106-92-0686,Yehudit,Baltzar,296-33-1568,1401 Helena Center,4
642-11-1756,Jard,Gini,134-45-3606,299 Westport Point,4
603-29-3196,Dorolisa,Banasevich,877-32-9385,0 Tomscot Terrace,1
616-39-5937,Kaylil,Jaszczak,694-72-0428,12293 Arrowood Point,3
396-20-6563,Larisa,Pleavin,454-17-0074,9015 Delaware Circle,4
145-02-4009,Pepe,Peteri,415-35-6664,283 Hagan Crossing,4
335-55-8211,Maryanne,Beauly,392-71-3403,1756 Forest Run Trail,4
570-79-4819,Jamill,Strettell,587-89-1242,4625 Luster Hill,3
862-93-3463,Devinne,Mummery,660-17-2495,45109 Tennyson Way,1
559-80-3756,Kendall,Freire,766-20-0990,636 Talisman Alley,1
386-89-7682,Ade,Caller,814-37-0633,701 Reinke Park,3
519-31-6427,Felipe,Scutching,759-63-8531,6 Kingsford Alley,1
784-68-8958,Desi,Vinten,855-99-3549,809 Pierstorff Alley,4
515-15-0600,Sayres,Mattersey,494-08-4444,32 Oakridge Lane,3
677-15-8554,Duffy,Froom,830-60-4136,69 Orin Junction,1
611-51-3183,Blondelle,Pick,400-43-5598,9 Monument Street,4
118-67-8335,Michale,Sirl,514-24-8250,0934 Beilfuss Center,2
512-34-5618,Jordana,Lorans,886-23-8468,5 Bunker Hill Place,1
817-60-7863,Donovan,Munden,397-79-4374,5 Vernon Way,2
569-54-1518,Payton,Mirfin,325-76-2774,38916 Browning Court,2
493-01-5735,Abbie,Bestwick,802-38-7649,2481 Almo Point,4
244-49-1908,Margret,Giffkins,198-75-1136,894 Carberry Court,3
492-62-2507,Margarita,Fernez,238-33-5300,6267 Thompson Avenue,2
641-27-1461,Wait,Plampeyn,817-28-9224,5 Drewry Drive,4
451-46-4916,Melitta,Orlton,597-11-3830,65 Fieldstone Avenue,2
573-11-7690,Bay,Traice,386-18-3801,08291 Porter Hill,4
776-63-0309,Trix,Dance,674-22-9183,66 Sommers Alley,3
793-81-1572,Lauree,Jewiss,437-68-3626,27980 Iowa Point,2
354-33-4452,Pepito,Ranald,453-34-5220,959 Sachs Crossing,3
196-21-3547,Cristal,Semonin,460-14-2765,705 Clove Place,3
287-05-2943,Jasmin,Cooper,495-17-9097,5866 Delladonna Way,1
708-89-8232,Lillis,Risbridger,148-74-8796,435 Jenna Drive,4
175-98-4408,Mirna,McKane,391-90-4440,606 Bay Drive,1
581-77-3334,Aleksandr,Merriman,889-99-7841,10839 Orin Terrace,2
891-59-3499,Orsa,Pearson,692-84-3884,6405 Almo Alley,3
191-49-2486,Robert,Linn,371-07-4933,17 Park Meadow Trail,2
841-86-8804,Binny,Filewood,747-48-5455,1230 Ridgeview Parkway,3
734-22-6288,Aubert,Swift,287-70-5309,69 Briar Crest Point,2
275-88-3942,Felicle,Frame,851-25-5358,0 Linden Way,2
158-68-6766,Sandye,Bosket,427-11-4082,0 Farragut Junction,4
262-42-6233,Putnem,Danielut,560-72-4424,88 Bartillon Circle,2
500-49-4803,Georgi,Laslett,280-76-4188,5 Manitowish Lane,1
889-17-5705,Diena,Jina,758-40-0030,5 Lillian Pass,1
100-34-3481,Edmon,Dicty,286-01-8645,6 Meadow Vale Way,4
125-16-6845,Jackie,Cranmore,437-37-7383,6695 Farwell Crossing,3
762-08-1203,Pippy,Reuter,649-90-0190,6677 American Ash Street,4
744-55-2364,Jerrylee,McCallion,809-21-3175,16561 Towne Court,4
280-93-4297,Moishe,Eckart,357-17-9344,4 Harbort Drive,2
517-17-0736,Mikey,Fumagalli,499-68-4467,6322 Donald Alley,2
620-06-7345,Nicolai,Odell,797-82-6640,88728 Service Center,1
168-78-0777,Kitti,Trundell,741-50-9690,0780 Basil Place,2
745-08-9026,Rosy,Vial,583-04-7586,67294 Bashford Lane,2
865-84-1492,Melody,Melsom,146-10-1304,03862 Dapin Alley,2
399-75-2843,Leeann,Boyce,541-57-0142,6596 Ramsey Pass,4
151-39-9750,Bryanty,Boyda,795-14-9138,4 Orin Park,2
429-64-4495,Frederique,Feilden,309-36-7923,2371 Pleasure Crossing,2
773-46-3532,Amandi,Rielly,184-42-1498,915 Crescent Oaks Road,4
612-66-1725,Freddie,Dictus,451-32-5116,374 Sugar Circle,2
718-52-0424,Doroteya,McDavitt,343-77-3398,135 Northridge Hill,2
827-75-7400,Dilan,Biskupski,247-35-8675,1982 Darwin Circle,3
568-64-6176,Ethelda,Queenborough,180-99-7361,6456 Summerview Center,4
847-45-4457,Riane,Alven,393-32-7736,37 Huxley Place,1
376-31-7019,Helenka,Greenman,460-01-4245,65101 Blaine Avenue,4
369-25-9118,Franni,Burke,816-15-1933,76 Huxley Point,3
157-08-8854,Marmaduke,Hanson,832-64-9809,74919 Sunbrook Center,2
589-17-9820,Nomi,Woodier,619-59-7900,9111 Almo Pass,2
518-77-8470,Maurita,Rizzo,781-79-3476,054 Algoma Circle,1
555-32-8380,Luca,Willmont,542-96-1954,92 Kensington Pass,3
540-84-5052,Karolina,Gilmour,518-80-8831,420 Rockefeller Place,2
122-35-5948,Cal,Meynell,311-83-4936,284 Gerald Lane,2
490-70-6838,Teddie,Pavic,307-77-1869,0871 Meadow Vale Hill,1
356-10-1373,Steve,Loveless,222-01-9377,169 West Parkway,3
436-58-8398,Ebonee,Callington,602-37-1164,70514 Farwell Point,4
225-31-8462,Felic,Farish,346-57-8635,11699 Caliangt Park,4
411-04-8653,Hettie,Orris,851-20-5438,4861 5th Alley,3
475-84-2340,Rollins,Cleife,297-76-1928,791 Ramsey Road,4
507-09-5493,Roy,Olivari,496-54-9285,5 Kingsford Parkway,4
796-74-0748,Frederick,Stockdale,771-22-9482,22150 Cottonwood Avenue,4
314-63-0412,Deny,Alldred,346-11-8588,13 Kenwood Place,3
231-71-7875,Leonanie,Mollene,243-57-6583,6967 Jackson Pass,2
520-38-5062,Babbie,Hallows,601-31-8101,6761 Rusk Road,4
687-74-5763,Persis,Pryn,127-93-3772,03740 Larry Park,4
600-12-1509,Vale,Jandl,625-73-1159,4 Saint Paul Parkway,4
846-11-3764,Brittne,Peeter,349-93-6786,34536 Longview Junction,2
255-14-0158,Cammy,Lutzmann,383-14-6024,308 Comanche Trail,2
695-09-6492,Kellyann,Blanden,780-99-3297,2 Service Street,2
112-45-8798,Tull,McArthur,402-87-5292,78476 Helena Plaza,1
888-71-9192,Estel,Winsom,476-74-7350,5 Moland Place,4
702-05-8818,Courtnay,Brunetti,299-38-5667,51415 Schmedeman Street,3
229-09-2204,Dick,Squibe,222-94-7608,4 Nelson Trail,1
582-16-5437,Kurt,Rotherham,423-35-2745,022 Sutherland Drive,2
409-15-6730,Hynda,Cherry,102-84-9623,929 Stoughton Plaza,4
536-93-5545,Trudie,Jancy,701-96-5700,63227 Colorado Pass,3
389-27-5909,Thibaud,Joplin,175-29-5570,690 Old Gate Way,1
892-16-3833,Cherey,Rey,560-23-4997,02 Hallows Plaza,4
114-32-4042,Renaldo,Bachelor,679-96-3178,6 Eagle Crest Point,2
299-73-6410,Cicily,Cowdray,139-57-4593,49 Stang Park,4
460-43-7709,Mitchel,Adelman,706-53-5922,136 Caliangt Court,2
785-81-1290,Rois,Sackett,736-90-8313,5 Superior Hill,3
146-29-5573,Bridie,Kelinge,492-73-5519,223 Reindahl Alley,3
873-48-9043,Kirby,Abeau,152-36-9127,774 Golf View Parkway,1
767-82-8730,Stuart,Note,207-76-0918,6 Buena Vista Point,3
203-81-5424,Payton,Shaw,196-10-8911,9800 Melvin Pass,3
885-28-2195,Kaine,Birds,225-57-1175,7 Surrey Plaza,3
289-43-9550,Cherish,Satford,840-59-6067,26116 Oak Junction,3
421-50-3021,Miltie,Dallicoat,312-28-2465,201 4th Plaza,4
610-02-3977,Patrice,Escofier,345-95-7247,492 Farmco Crossing,1
519-98-3123,Steve,Border,871-72-1569,9565 Old Shore Circle,1
329-84-5513,Englebert,Gianneschi,560-37-9189,600 Anderson Road,4
209-84-2757,Arv,Smetoun,606-38-7657,79825 Anzinger Parkway,1
679-94-7493,Alfredo,Rawsthorn,197-73-6777,507 Raven Hill,2
259-14-5547,Stace,O'Neil,198-73-8503,462 Badeau Hill,2
370-90-8251,Jerrilee,Jahan,847-09-6093,46 Village Green Alley,4
255-65-5229,Ninon,Blinman,722-82-4714,21316 Bobwhite Place,4
165-58-7584,Bernardina,Bruneau,797-60-0451,7208 Springview Avenue,1
103-32-1515,Stephi,Beahan,134-21-0337,3 Ruskin Lane,4
512-48-1846,Ettore,Southall,801-51-6207,6446 Montana Pass,2
175-76-7056,Chrissy,Greatrakes,357-20-4822,39535 Prairieview Trail,2
571-39-2400,Mildrid,Priestland,718-40-0410,8 Hollow Ridge Point,3
323-43-7632,Raddie,Schustl,772-43-3530,049 Rutledge Alley,3
859-94-3245,Michal,Hundy,693-70-1911,4 Arrowood Pass,4
452-71-3450,Modestia,Trustie,321-56-0927,5 Melvin Lane,4
613-34-0774,Demetrius,Tesche,434-98-7127,7288 Fairfield Lane,1
571-57-1464,Ricard,Corbert,829-14-9483,1 Lien Parkway,1
581-68-1768,Jon,Reffe,135-42-8957,60436 Maple Place,4
856-26-4574,Teddie,Haggerston,433-42-5187,3259 Merry Center,1
428-60-8604,Lynelle,Diloway,801-98-1273,24345 Bayside Park,1
754-84-2154,Gypsy,Jordeson,315-94-1156,088 Butterfield Trail,2
678-05-3756,Honor,Wilshire,171-94-1463,060 Eggendart Avenue,2
644-39-2339,Pincas,Alfonzo,582-28-6604,08 Scoville Park,3
621-95-4397,Bridie,Siddell,334-43-7465,59 Grim Road,2
300-82-0520,Mitchel,Minghi,678-91-3965,5408 Upham Road,3
787-08-1536,Ric,Joly,771-83-3529,33287 8th Plaza,4
382-67-4044,Hillary,Schooley,134-84-9832,51238 Rigney Junction,3
614-88-6052,Andonis,Jewess,890-36-2577,221 Reinke Way,2
165-08-3978,Arabele,Hubatsch,286-47-3819,26487 Fairview Terrace,4
586-09-3259,Liza,Fey,588-26-4974,95704 Namekagon Circle,1
235-31-4076,Sande,Tilney,491-21-8342,12288 Di Loreto Circle,2
859-63-0756,Jenifer,Dagless,347-42-4991,7327 Ridgeway Way,3
326-13-4868,Barbey,Porson,799-35-2291,44060 Sunfield Circle,1
330-69-4641,Ina,Clowsley,307-47-6765,72 Muir Circle,3
609-48-7295,Cyrille,Adrianello,655-70-9081,757 Messerschmidt Avenue,4
746-82-0677,Sara-ann,Chicken,125-34-5299,1368 Center Alley,2
351-64-0442,Halsy,Jepson,600-63-9798,80801 Red Cloud Point,2
869-53-9854,Shannah,Deftie,736-72-6461,26591 Victoria Way,1
439-97-6426,Brantley,Meadows,536-36-0534,9 Lighthouse Bay Lane,3
718-29-7834,Dominick,Bonellie,659-88-7620,0 Dottie Parkway,1
710-62-6852,Mortimer,Ivanisov,885-09-0342,3352 Longview Center,3
799-27-2158,Gauthier,Christon,579-03-9112,0175 Armistice Center,2
653-83-8158,Pinchas,Wilden,489-19-1896,9 Clemons Avenue,3
851-54-1077,Leanor,Paxeford,171-88-1802,51 Memorial Hill,4
697-40-1750,See,Horry,600-90-8407,972 Morrow Center,3
745-36-4530,Lance,Burniston,645-81-2809,7936 Sutteridge Road,1
856-61-4751,Franni,Bennie,317-47-7949,087 Blackbird Hill,2
308-37-0811,Jillie,Perfitt,125-65-9765,350 Hanson Court,3
296-96-1645,Andros,Concklin,620-42-3452,0 Gale Court,3
140-96-0742,Sandra,Maskill,234-67-7397,1552 Hagan Place,1
577-73-5574,Sheena,Vina,362-72-4396,0 Melrose Drive,1
433-32-0330,Adrienne,Hamlin,679-41-3111,367 Donald Crossing,4
610-12-5956,Brandyn,Ashman,402-63-5849,748 New Castle Plaza,2
259-29-4842,Dionne,Connell,237-74-8965,0931 Eagle Crest Point,2
808-31-3906,Augy,Daoust,821-29-6994,394 Forest Run Point,4
350-98-6916,Tracey,Freeth,898-44-3708,99 Blackbird Parkway,3
265-92-6246,Floyd,Maple,248-26-3628,731 Reinke Court,2
218-48-8101,Vicki,Eskrigg,159-92-7273,18880 Jana Drive,3
477-18-8835,Sayre,Aronovitz,157-45-8532,26 Hollow Ridge Terrace,2
689-05-4902,Jerome,Yerson,789-60-9569,15588 Columbus Road,2
468-72-0664,Cameron,Francescone,814-40-4546,322 Summit Point,3
750-45-9192,Leanna,Helliwell,466-80-7317,4536 Harbort Circle,4
207-20-5008,Suzi,Saltmarsh,822-95-6592,4632 Kennedy Crossing,3
576-38-0704,Torrence,Durant,602-20-5551,5 Vernon Drive,1
876-11-7572,Roze,O'Moylan,380-32-6977,08 Bunker Hill Point,4
189-16-1344,Christy,Holliar,428-95-6437,1595 8th Avenue,4
149-88-5519,Saxe,Dobrovolski,511-58-2515,520 Sunfield Drive,1
838-16-7717,Kate,Chaytor,560-54-9777,2193 Springs Drive,2
638-49-9886,Jorrie,Gobel,481-58-5689,500 Jay Pass,2
180-54-5237,Alistair,Wethey,286-75-1971,27 Monterey Avenue,1
800-62-8188,Carlen,Meeny,460-87-4949,08042 Granby Pass,3
879-92-7827,Melinde,Dukes,779-16-2798,53 Sycamore Lane,1
875-58-8131,Maiga,Colbridge,113-05-7116,6 Pankratz Avenue,2
763-07-2711,Charmain,Balaison,290-61-4110,3 Mariners Cove Hill,2
139-24-7851,Graeme,Issacoff,891-34-3899,1 Ohio Center,4
160-86-2451,Orton,Fortnum,607-74-5948,3498 Saint Paul Park,4
732-15-0257,Ursala,Grinikhinov,199-70-1053,009 Eagan Junction,3
592-64-6756,Manfred,Bowlesworth,319-88-5684,86 Colorado Court,4
633-94-8306,Emanuele,Adams,596-81-4239,2946 Loeprich Crossing,4
717-86-9605,Clement,Hopkyns,390-39-6408,612 Scofield Road,1
183-52-4087,Emlen,Hutley,258-44-3106,8311 Buhler Place,1
498-39-1678,Annissa,Tiner,216-07-8338,2889 Red Cloud Crossing,1
435-16-1597,Ashla,Cummungs,554-95-5670,3061 Maple Wood Trail,1
604-39-7823,Lanita,Headford,766-05-7833,79 Homewood Hill,4
328-47-0301,Frederich,Beszant,475-55-6312,71982 Cascade Place,4
674-54-7099,Misha,Peacher,780-51-7534,46998 Dottie Center,2
719-62-9886,Franni,Poulglais,168-92-1371,4 Fordem Parkway,1
884-11-1625,Parrnell,Yewen,349-76-3227,008 Manley Court,2
675-87-5799,Jacinda,Antonias,482-95-1247,63 Randy Place,1
412-64-4058,Ealasaid,Wolfendale,638-73-8529,6755 Summer Ridge Avenue,2
325-94-2309,Warren,Eary,244-86-7286,26 Blue Bill Park Drive,3
287-06-9453,Locke,McElwee,649-62-2105,51 Thierer Park,4
714-70-7222,Liza,Cunradi,826-50-1819,13 Canary Court,3
153-95-4071,Bonnee,Colcomb,355-67-2572,41 Oxford Court,2
229-06-2351,Shannon,Emmitt,113-92-9049,5 Vidon Point,1
345-01-6327,Vivienne,Dutteridge,874-48-0597,4 Browning Park,4
388-72-8976,Janel,Chavey,408-72-7001,59 Old Shore Hill,3
731-03-2605,Milo,Denk,451-41-6463,19534 Dryden Alley,2
239-55-4864,Dunn,Yurukhin,280-42-7487,0 Forster Junction,1
540-85-2652,Brewer,Pfaff,506-01-7517,03799 Drewry Trail,4
151-68-7942,Artus,Philliphs,413-80-2649,16 Debra Circle,1
490-16-8505,Margarita,Melling,758-69-6604,0 Spenser Point,4
421-71-7344,Marcelle,McCreary,854-49-8928,1 Katie Crossing,4
311-28-7484,Shayla,Everal,140-03-8032,3 Springs Court,4
237-98-4947,Greggory,Victory,220-63-4190,3 Lerdahl Crossing,1
679-18-5164,Bale,Brownsill,381-53-8513,0007 Northport Place,1
381-75-2091,Gratiana,Hemeret,365-65-8642,12312 Forest Place,1
390-76-8721,Maurise,Moorey,566-32-9344,4 Iowa Court,3
431-42-3726,Katinka,Entreis,161-94-8652,13 Luster Parkway,1
257-35-9037,Amargo,Philliphs,220-29-8263,2 School Plaza,1
399-75-8523,Alexina,Breddy,624-36-3358,83 Pleasure Trail,4
492-11-9886,Tiffi,Ridwood,714-16-7030,071 Arkansas Place,3
344-34-6807,Pebrook,McIlwraith,295-87-1639,46087 Carioca Drive,3
393-84-6102,Linn,Gallaher,305-83-7036,038 Heffernan Point,4
135-92-7503,Diannne,Adriaan,580-95-1233,76 Tomscot Park,1
339-35-7047,Fairlie,Kurton,521-48-8375,94035 Cascade Street,2
192-11-7187,Tammara,Attenborrow,147-12-7927,7 Annamark Hill,3
714-38-6110,Larina,Adolf,622-18-6785,7295 Northland Trail,3
701-04-6434,Evelyn,Proffer,212-56-2997,9182 Del Mar Park,1
386-89-4697,Giustina,Guerriero,367-87-5638,717 Macpherson Point,4
747-82-7726,Brooks,Muldoon,559-65-8809,9 Eliot Junction,1
771-50-2050,Paulette,Sycamore,407-03-7254,12068 Armistice Street,4
556-17-6127,Allyn,Lowndes,113-61-9168,3 Arrowood Drive,1
176-49-1189,Cosetta,Alcalde,690-36-4442,2 Judy Court,3
198-54-1050,Erin,Tempest,537-17-4923,2836 Lakewood Pass,2
894-25-1398,Chico,Persitt,303-50-5829,79 Sundown Center,4
405-14-6460,Bonnie,Bruty,628-02-4912,6 Montana Crossing,2
182-36-1114,Ryun,Ault,502-96-0075,91480 Superior Alley,1
849-67-2708,Loralie,Hegel,830-76-1453,188 Karstens Hill,1
580-84-3375,Chevy,Swatradge,623-52-1965,14529 Chinook Hill,1
365-68-2229,Janela,Lowin,871-28-7342,7 Lunder Parkway,1
700-21-6487,Tami,Guilloneau,259-96-1740,243 Armistice Junction,4
640-04-6716,Norrie,Dudin,179-21-5223,44940 Cascade Parkway,4
471-93-7519,Diana,Eagle,792-65-9471,9169 Goodland Terrace,3
581-92-7894,Talbert,Bamfield,393-76-9932,99 Darwin Place,4
883-48-2320,Marmaduke,Grimolbie,274-97-2910,94124 Surrey Road,1
459-93-6288,Geraldine,Biggerdike,102-59-9699,71049 Cardinal Street,1
296-17-7592,Perice,Carlo,622-57-2842,9882 Monica Junction,2
166-33-0400,Amii,McGrane,829-96-5444,60 Oakridge Point,2
557-57-6499,Scarlet,Colchett,380-74-9074,876 John Wall Center,3
214-01-4476,Newton,Lerego,656-08-0334,75 Barby Junction,1
305-21-4997,Juana,Kennaird,210-46-5513,02 4th Hill,1
841-41-6423,Ross,Martello,352-74-6667,06 Hintze Lane,1
765-04-8398,Frannie,Hainey,792-73-5747,053 Tomscot Street,1
334-77-8978,Che,De Ambrosis,582-82-0248,66488 Summerview Street,4
578-08-4598,Murdoch,Maberley,489-51-0446,86230 Sutherland Plaza,3
711-05-6579,Maryanne,Breslane,101-38-5272,5 Oak Trail,4
585-76-9144,Owen,Revans,423-29-7661,2064 Sundown Hill,1
409-17-2814,Cindi,Yu,773-16-2227,463 Autumn Leaf Circle,3
378-13-8987,Odie,Moyce,392-91-6197,152 Killdeer Circle,3
689-11-3510,Lacee,Comsty,643-42-2571,82 Dennis Park,4
636-30-1265,Kip,MacRury,328-63-7076,1 Kinsman Pass,1
505-34-2971,Leoine,Bampkin,505-20-8203,8 Weeping Birch Pass,2
681-93-8494,Ann-marie,Tresvina,290-38-5166,3708 Jay Alley,1
694-57-8471,Courtney,McCafferky,646-38-9167,738 6th Trail,1
269-45-8506,Consalve,Kennon,423-95-6445,39513 Chive Trail,4
173-05-4934,Grantham,Champneys,643-78-9808,52095 Oak Circle,1
877-54-7379,Jori,de Verson,382-05-9486,99953 Fallview Terrace,3
176-95-6956,Eliza,Rock,157-42-8885,830 Lyons Court,4
660-37-5669,Jackquelin,Gooderick,893-40-1241,16 Pond Center,3
277-26-0729,Dusty,Gietz,725-97-2928,47721 Ridge Oak Street,2
266-21-4694,Honey,Gilardoni,847-80-2485,67 Hollow Ridge Road,1
253-56-6916,Yolane,Marcus,631-48-9425,9 Warbler Park,1
149-29-0555,Harmonie,Sarfat,247-80-5422,36744 Fisk Court,3
873-80-8232,Josie,Fernely,439-77-1064,8 Vidon Junction,4
282-91-3109,Rochell,Stather,247-16-8623,62 Grover Pass,4
277-98-5100,Wallie,Cearley,804-95-8870,0 Carpenter Trail,2
390-21-1035,Delinda,Wicklin,599-85-9727,0 Di Loreto Pass,3
475-80-5363,Adelheid,Denison,591-16-2174,35886 Jenifer Way,2
134-59-0960,Faunie,Neame,102-93-9806,5 Del Mar Drive,4
752-94-2931,Chic,Pennells,351-24-1293,61 Old Shore Plaza,2
415-61-6117,Sawyer,Membry,601-47-6632,74 Stephen Way,4
257-45-4560,Rahal,Fortescue,139-09-2938,625 Saint Paul Trail,2
394-10-5716,Rosie,Skea,868-88-9218,5 Westport Crossing,1
319-78-3990,Robb,Shwenn,318-15-8011,507 Hermina Place,3
618-58-4586,Gill,Pinchback,275-98-0423,62902 Donald Center,1
854-98-7350,Burton,Legerwood,749-77-4098,70 Dapin Center,2
321-41-5714,Whitney,Kynman,491-94-5543,91874 Springview Junction,3
798-49-3572,Granny,Sowood,653-46-2737,1 Mandrake Lane,2
744-80-5076,Eadmund,Brunone,127-63-6738,6 Mendota Center,2
249-59-4935,Raymond,Turnock,677-60-7108,16434 Sycamore Alley,2
404-69-5208,Marna,Le Fevre,343-96-1459,7806 Redwing Parkway,2
440-62-8648,Kristy,Iacoboni,597-97-2978,13660 Heath Junction,2
487-41-0715,Kirstin,Tellwright,752-50-7629,2504 Namekagon Terrace,3
142-26-0062,Coriss,Cossons,687-31-8491,112 Arizona Road,1
667-58-0952,Alison,Malinson,797-59-7934,897 Monica Junction,3
787-62-0996,Amara,Peracco,748-34-5630,702 Schlimgen Trail,1
800-88-7506,Saleem,Yurkov,631-09-6348,46 Wayridge Way,2
311-08-5759,Meredeth,Rodenburgh,225-53-6135,6 Merry Crossing,1
246-37-8232,Raquel,Queen,313-81-7879,9 Morningstar Road,3
470-97-3688,Abbye,Radbond,237-51-7697,6371 Bluestem Road,4
130-45-1763,Stephanie,Darte,396-93-0464,34030 Fisk Pass,4
524-40-7618,Shannah,Ceeley,398-01-0994,26254 Chive Park,4
287-80-1165,Sutherlan,Piccard,782-46-3286,8 Sunbrook Drive,3
615-66-3744,Ebonee,Bouchard,653-38-4611,25783 Sachtjen Road,4
885-38-4609,Douglas,Hillatt,646-19-6157,03275 Sunbrook Trail,3
869-97-6613,Jewelle,Burnall,129-19-7491,95548 Northfield Hill,4
365-31-0065,Kris,Milier,535-31-1509,76285 Logan Circle,2
618-38-1898,Ilyssa,Whiscard,195-41-9408,4 Lerdahl Lane,3
442-24-4968,Amie,Cockhill,675-36-9807,626 Oneill Circle,2
117-38-4185,Leontyne,Nance,527-17-2975,52764 Morning Terrace,3
306-77-0406,Emera,Boldra,288-83-3246,3 Troy Street,2
356-77-3143,Horatius,Cron,258-99-8474,84 Manitowish Parkway,4
819-87-7680,Pernell,Durgan,648-24-5842,14362 Saint Paul Drive,2
497-37-9471,Heinrick,Housby,445-37-1671,97568 Harper Street,3
592-51-1156,Adelaida,Romanini,323-88-3754,69 Hoepker Trail,2
137-21-2838,Adey,Sliman,628-71-2391,81 Porter Road,2
544-78-4282,Ford,Pryn,668-06-0072,6810 Bartillon Crossing,1
398-39-5252,Merrill,Peinke,714-80-5463,3776 Melby Trail,3
218-16-7379,Silvanus,Bendelow,312-55-2747,1776 Hooker Road,3
150-02-7673,Marj,McDarmid,898-85-0949,32 Armistice Avenue,1
202-52-3861,Arney,Little,853-63-3553,54857 Becker Circle,1
460-88-8022,Pietra,Tomet,649-33-4331,79838 Morrow Park,3
789-23-7488,Drucy,Baudins,676-24-5071,80 Dayton Trail,4
416-32-0870,Eal,Cornilleau,289-35-0882,30 Maywood Street,2
113-58-7485,Jaquelyn,Deviney,699-64-2381,02 Lerdahl Way,3
714-41-5163,Dorey,Parsand,821-24-6259,90 Buena Vista Trail,1
759-47-8867,Joannes,Gowthrop,563-04-2086,8471 Troy Terrace,3
132-74-8087,Paloma,MacGall,745-68-4001,640 Northwestern Place,3
372-53-2573,Gussi,Botha,525-02-6329,93196 Becker Crossing,1
795-62-1590,Elfie,Tuckerman,247-74-6139,603 Lotheville Trail,4
352-58-3338,Maye,Mercy,882-91-0491,50 5th Terrace,1
524-80-5139,Karlis,Stroyan,123-01-7085,22104 Grasskamp Street,2
339-45-2000,Harlie,Callaghan,449-59-6808,44805 Darwin Way,3
834-84-9247,Norina,Robbe,643-56-1907,084 Luster Plaza,2
365-94-8993,Fitzgerald,Carlino,708-01-0339,067 Dunning Trail,2
259-32-3935,Addison,Knock,208-27-7054,6 Kim Hill,4
399-92-8248,Antonino,Quirk,814-39-5254,94 Gina Terrace,2
617-42-0652,Larine,Burgum,569-80-6199,0 Dorton Crossing,1
498-60-8383,Nichole,Gantz,190-61-9686,38635 Springview Parkway,4
588-42-4257,Rosana,Dinse,609-68-3155,9 Cambridge Plaza,3
433-74-8376,Casi,Roddam,720-34-8398,8 Valley Edge Plaza,3
806-77-3545,Jermaine,Glaze,441-10-1957,1550 Crescent Oaks Drive,4
651-28-1835,Auguste,Bestiman,337-87-0102,1 Elka Plaza,1
138-11-5464,Gibbie,Dungate,370-39-7793,9 Portage Terrace,3
135-57-7494,Andreana,Condell,141-46-6176,8 Iowa Street,4
654-94-6130,Corrinne,Arrowsmith,879-73-8763,0 Lake View Junction,4
551-20-6785,Ragnar,Slessar,526-60-1923,32 Glendale Hill,4
481-45-5351,Caprice,Piotr,399-34-1222,371 Schlimgen Crossing,4
878-20-4976,Fleurette,Shimman,637-89-2624,4115 Thierer Road,4
180-68-1732,Harriet,Brickwood,720-52-2172,6030 Maywood Road,1
496-03-4586,Werner,Gillian,257-31-7159,26 Susan Center,3
708-26-0522,Sella,Caudrey,267-78-4326,0 Cody Crossing,3
446-58-2554,Aluino,Hassell,250-85-5027,8 Spenser Alley,2
683-02-9246,Alphonse,Brandino,515-13-6332,4109 Westport Circle,3
596-51-1211,Dirk,Kidston,796-83-8643,36 Westerfield Street,3
881-82-8818,Carree,Scrange,495-71-2958,9750 Forest Run Junction,1
418-73-3585,Melinde,McGorman,781-98-5624,7 Main Hill,4
166-08-4941,Marylin,Joddens,253-12-1065,571 Clarendon Drive,4
595-32-2807,Ralph,Freemantle,849-48-7492,5906 Portage Point,2
336-69-9215,Rabi,Howles,197-75-9167,02 Merry Lane,2
114-02-9532,Dunstan,McAvaddy,581-52-7093,4 Westerfield Place,1
635-03-3672,Ambros,Edge,785-61-9730,92308 Commercial Hill,2
713-88-6321,Demetria,Corkill,506-86-6481,0108 Onsgard Center,4
756-89-3545,Nollie,Cavie,634-89-6410,5 Vermont Parkway,1
214-71-3754,Demetria,Paolini,131-54-5595,2670 Cottonwood Junction,2
349-94-6957,Nicolai,Ertelt,567-15-2954,98 Truax Place,1
352-87-2755,Xaviera,Beale,673-26-7221,2930 Bobwhite Hill,2
669-46-8736,Noella,Kief,505-08-6712,391 Dayton Park,4
285-58-8787,Truman,Hellicar,169-04-1481,3864 Melrose Center,2
578-08-2900,Lanette,Gingles,277-71-7883,253 Little Fleur Alley,2
535-23-0141,Guillemette,Bolesma,468-78-8253,672 Bayside Alley,3
362-80-0320,Gifford,Morgon,138-43-8433,95653 Arizona Street,4
286-22-6550,Fidel,Delagnes,232-32-7400,6 Rieder Park,2
575-24-5313,Teirtza,Jayne,859-58-0583,6 Old Shore Avenue,3
342-30-3679,Kesley,Tomasoni,751-99-5554,26694 Texas Court,3
515-34-0907,Katrinka,Kenen,249-93-7938,61 Esker Circle,3
578-14-0516,Karita,Peplow,521-60-3752,64 Basil Junction,1
394-93-8239,Bartlett,Melesk,848-01-8643,92402 Goodland Hill,4
620-30-4830,Talia,Grundon,186-96-0828,24 Russell Road,1
548-78-1862,Tynan,Hurch,499-85-8876,25 Norway Maple Road,3
463-59-6369,Sisely,Aubrey,423-51-5106,4 Fieldstone Crossing,4
229-60-4244,Hermie,Hargreves,694-70-6243,725 Mccormick Drive,2
190-89-7808,Webb,Goldby,854-37-4987,42220 Bluestem Trail,3
441-63-6125,Clemmy,Vasilmanov,687-98-7251,4 Judy Avenue,4
117-53-9411,Ricca,St. Ledger,884-34-9655,929 Dwight Plaza,3
523-76-2316,Genia,Fitzroy,246-05-3357,930 Portage Alley,3
