Asteraceae,66897-002,elit sodales scelerisque mauris sit,3.44,5020045221784173660
Papaveraceae,68084-303,a nibh in quis justo maecenas rhoncus aliquam,20.5,490511669399121653
Araceae,10544-159,erat tortor sollicitudin mi sit amet lobortis sapien,2.0,3560327361974671
Fabaceae,55154-6637,mauris morbi non lectus aliquam sit,10.46,3529399260819547
Chenopodiaceae,42291-230,mattis nibh ligula nec sem duis aliquam convallis nunc proin,11.37,3532773121307659
Urticaceae,55910-017,donec pharetra magna vestibulum aliquet ultrices erat tortor,25.48,4405265578040448
Cyperaceae,36800-441,dui luctus rutrum nulla tellus in sagittis dui vel,24.25,3554440121385803
Scrophulariaceae,0172-4960,justo sollicitudin ut suscipit a feugiat et eros vestibulum,24.51,5610226091023582
Cupressaceae,55312-029,elementum eu interdum eu tincidunt in leo maecenas,22.73,3563655813773201
Apocynaceae,21695-415,ipsum ac tellus semper interdum,9.92,6304452499810201
Splachnaceae,66336-214,ultrices aliquet maecenas leo odio,18.67,5435397134506561
Rubiaceae,60505-0769,in magna bibendum imperdiet nullam orci pede,26.67,201883653748455
Nyctaginaceae,60760-986,nulla sed vel enim sit amet nunc viverra dapibus nulla,15.24,3554628865141792
Bryaceae,16571-500,erat tortor sollicitudin mi sit amet lobortis sapien,15.95,3570039441285253
Polypodiaceae,68828-183,mauris lacinia sapien quis libero nullam sit,3.18,56108778027406200
Viscaceae,25543-200,eget tempus vel pede morbi porttitor lorem,13.62,4844987579539800
Liliaceae,63629-1597,pede ullamcorper augue a suscipit nulla elit ac,10.19,5108755235931150
Convolvulaceae,76140-106,morbi quis tortor id nulla ultrices aliquet maecenas,25.22,5335422856283842
Pertusariaceae,68084-364,phasellus id sapien in sapien iaculis congue,19.46,3556850280450776
Aceraceae,68428-139,justo maecenas rhoncus aliquam lacus morbi,28.91,372301325920470
Poaceae,63629-4305,pulvinar nulla pede ullamcorper augue a suscipit,20.89,3567878654229127
Myrtaceae,24385-143,ac consequat metus sapien ut nunc vestibulum ante ipsum primis,27.19,5602219126053387195
Caprifoliaceae,63517-112,congue etiam justo etiam pretium iaculis justo in hac habitasse,13.99,3584217162481863
Asteraceae,49999-139,in leo maecenas pulvinar lobortis est phasellus sit amet erat,6.34,3533815216518028
Rhamnaceae,0924-0166,felis donec semper sapien a libero nam,18.43,345265127267873
Grossulariaceae,41163-531,risus auctor sed tristique in,4.51,3548798713208348
Lemnaceae,48951-1062,pede justo lacinia eget tincidunt eget tempus vel pede morbi,5.33,36255991959543
Teloschistaceae,23155-055,aenean auctor gravida sem praesent id massa id,16.09,6771336571211824854
Liliaceae,21695-628,sit amet consectetuer adipiscing elit proin risus,4.14,3538650471625746
Equisetaceae,68180-611,turpis eget elit sodales scelerisque mauris sit amet eros suspendisse,23.18,3573314692658756
Myrtaceae,63704-010,odio cras mi pede malesuada in imperdiet et commodo vulputate,3.86,3556097042452175
Arecaceae,37012-123,nisi vulputate nonummy maecenas tincidunt lacus at velit,7.67,4175009136927052
Parmeliaceae,24724-028,erat id mauris vulputate elementum nullam varius nulla,2.32,67069726159204913
Brassicaceae,62756-552,rhoncus mauris enim leo rhoncus sed,29.0,3569535782296083
Ulvaceae,60505-2616,sed vestibulum sit amet cursus id,6.37,3588095907580223
Lycopodiaceae,55714-2233,in blandit ultrices enim lorem ipsum dolor sit,10.56,3545164633687207
Euphorbiaceae,66715-9830,nunc donec quis orci eget orci vehicula condimentum curabitur,23.91,3535788922439847
Collemataceae,55315-519,maecenas ut massa quis augue luctus,15.25,3530891872755314
Ranunculaceae,63739-167,velit vivamus vel nulla eget eros elementum pellentesque quisque,2.47,3547638520144248
Cyperaceae,42254-268,ultrices erat tortor sollicitudin mi sit,27.57,4555261429319220
Asteraceae,36800-444,pretium nisl ut volutpat sapien,4.43,5464862239646319
Nyctaginaceae,48951-7051,morbi odio odio elementum eu interdum eu,14.86,5100140714876523
Urticaceae,0268-0001,vel nisl duis ac nibh fusce lacus purus aliquet,29.95,5007669240177299
Poaceae,27854-103,proin interdum mauris non ligula pellentesque ultrices phasellus id sapien,17.29,30040266921972
Fabaceae,54868-0127,nunc viverra dapibus nulla suscipit ligula in lacus curabitur at,7.3,3573964814080253
Scrophulariaceae,51079-597,semper rutrum nulla nunc purus phasellus in felis,26.39,3558867786246894
Cyperaceae,11523-1305,varius integer ac leo pellentesque ultrices mattis odio donec,13.13,3570667086968302
Asteraceae,62257-014,quam nec dui luctus rutrum nulla tellus in sagittis dui,15.38,5641824269956273008
Rosaceae,66715-9720,in blandit ultrices enim lorem ipsum dolor,19.82,3575464327596612
Fabaceae,51270-116,cursus id turpis integer aliquet massa,11.12,3549203711139388
Liliaceae,36987-2949,quam nec dui luctus rutrum nulla tellus in sagittis dui,27.9,5602239600050749
Scrophulariaceae,52125-330,rhoncus sed vestibulum sit amet cursus id turpis integer aliquet,16.91,3531256502563117
Porpidiaceae,43742-0068,etiam vel augue vestibulum rutrum rutrum neque aenean auctor,14.8,374288713978905
Sapindaceae,55910-705,non lectus aliquam sit amet diam,19.83,6763757711158493746
Fabaceae,76237-279,id lobortis convallis tortor risus dapibus augue vel,29.61,30242159858572
Piperaceae,55154-0907,nisi venenatis tristique fusce congue diam id ornare imperdiet,10.29,5007666170857700
Valerianaceae,51079-608,fusce congue diam id ornare imperdiet sapien urna pretium nisl,17.37,5610707415265775285
Orchidaceae,0603-1378,in lectus pellentesque at nulla suspendisse potenti cras in purus,26.08,4405685650394571
Gentianaceae,68084-340,ante vel ipsum praesent blandit,19.31,67067466980905519
Poaceae,50419-421,id lobortis convallis tortor risus,5.57,4844957028711987
Passifloraceae,60681-0105,molestie nibh in lectus pellentesque at nulla suspendisse potenti,6.92,6771969384556585
Stictidaceae,21695-216,cubilia curae donec pharetra magna vestibulum aliquet ultrices erat,4.64,3540848168084849
Cupressaceae,49288-0490,quis tortor id nulla ultrices aliquet,16.45,491148812093007104
Malvaceae,61958-1501,nulla facilisi cras non velit nec nisi vulputate nonummy,10.06,3543370998357565
Asteraceae,63739-804,felis donec semper sapien a libero,28.73,3585942402445563
Acarosporaceae,64376-803,nullam orci pede venenatis non sodales sed,5.36,5556772565739431
Rutaceae,58118-0922,a nibh in quis justo maecenas rhoncus,27.72,3549227224324864
Rubiaceae,58668-1371,non ligula pellentesque ultrices phasellus,26.37,670987479613459729
Cyperaceae,51824-006,montes nascetur ridiculus mus etiam,7.57,6709212267258798
Scrophulariaceae,10191-1637,dapibus augue vel accumsan tellus nisi eu orci mauris,29.45,3529926347008163
Amaranthaceae,25000-121,praesent id massa id nisl venenatis lacinia aenean sit amet,13.79,3570827485319685
Asteraceae,0185-5050,felis donec semper sapien a libero nam dui,5.63,3546493010837922
Scrophulariaceae,47242-0051,aenean sit amet justo morbi ut odio cras mi pede,27.4,6370412023545557
Passifloraceae,47593-307,sagittis dui vel nisl duis ac nibh fusce lacus purus,6.31,4917542916828762
Asteraceae,68151-4504,justo eu massa donec dapibus duis at velit,8.22,633378851381636792
Fabaceae,76296-006,ante nulla justo aliquam quis turpis eget elit sodales scelerisque,16.1,5108755955823181
Rosaceae,37000-258,sed nisl nunc rhoncus dui vel sem sed,1.88,6398621438275133
Cyperaceae,52544-248,sed vel enim sit amet nunc,24.62,3573228661595353
Asteraceae,36987-3173,massa id nisl venenatis lacinia aenean,4.27,5610478477061682
Polytrichaceae,42291-339,pretium nisl ut volutpat sapien,12.18,30564885628106
Apiaceae,51393-6447,ipsum primis in faucibus orci luctus et ultrices posuere cubilia,11.91,4017958334047
Campanulaceae,49035-897,ac diam cras pellentesque volutpat dui maecenas tristique est,5.35,5100136870376613
Bryaceae,43063-189,aliquam convallis nunc proin at,6.89,348952983189153
Loasaceae,65841-774,erat fermentum justo nec condimentum neque sapien placerat ante nulla,13.81,3537968488581863
Pseudoditrichaceae,0173-0810,vestibulum rutrum rutrum neque aenean auctor,14.72,3567307909658468
Graphidaceae,64125-134,id massa id nisl venenatis lacinia aenean,11.2,3582449628401944
Fabaceae,43857-0319,nulla justo aliquam quis turpis eget elit sodales scelerisque,1.69,3528956791580327
Cyperaceae,42416-0021,duis ac nibh fusce lacus purus,22.72,5602222075779727967
Coccocarpiaceae,24236-628,scelerisque mauris sit amet eros suspendisse accumsan,1.54,30321285086108
Pinaceae,65923-003,convallis duis consequat dui nec nisi volutpat eleifend donec ut,10.3,3567436776549573
Asteraceae,54575-199,non mattis pulvinar nulla pede ullamcorper augue,23.4,5641829323513699489
Brachytheciaceae,68084-728,eleifend quam a odio in hac habitasse,21.71,3556009509120419
Caryophyllaceae,0268-1602,libero rutrum ac lobortis vel dapibus at,11.61,5018901303236033333
Fabaceae,0406-0522,nec dui luctus rutrum nulla tellus in,16.36,3574617255995038
Crassulaceae,11822-5648,sem mauris laoreet ut rhoncus aliquet pulvinar,11.27,5100176308463450
Crassulaceae,23667-003,congue eget semper rutrum nulla,16.02,3569937391376563
Rutaceae,11673-923,nam nulla integer pede justo,26.7,6771558703699323
Lamiaceae,54569-5523,sit amet sapien dignissim vestibulum vestibulum ante,8.8,4911400213021574602
Boraginaceae,24236-248,faucibus accumsan odio curabitur convallis duis consequat dui nec,21.33,3555598187244732
Euphorbiaceae,41250-272,vulputate elementum nullam varius nulla facilisi cras non velit,10.22,5256286085303621
Blechnaceae,43128-118,enim sit amet nunc viverra dapibus nulla suscipit ligula in,5.81,3542388399836517
Rubiaceae,43742-0302,justo aliquam quis turpis eget elit sodales,28.6,201577414933071
Cyperaceae,0781-5175,erat curabitur gravida nisi at nibh in hac habitasse platea,27.37,4041378968044
Ericaceae,52125-834,tincidunt lacus at velit vivamus vel nulla,21.73,3536350372430369
Asteraceae,54868-5119,orci luctus et ultrices posuere cubilia curae mauris viverra,25.64,4508665035067528
Euphorbiaceae,54575-306,integer ac neque duis bibendum morbi non quam nec,6.58,30028371407912
Fabaceae,55316-029,quisque arcu libero rutrum ac lobortis vel dapibus at diam,10.79,6709464583486997
Orchidaceae,24658-292,semper est quam pharetra magna ac consequat metus,7.35,3564970759702653
Myrtaceae,63824-860,in faucibus orci luctus et ultrices posuere cubilia curae,3.06,3533533707904066
Iridaceae,64127-174,rutrum nulla nunc purus phasellus in,16.51,3583141043534297
Fabaceae,13533-701,vestibulum quam sapien varius ut blandit non interdum in ante,13.32,3568459019968946
Aristolochiaceae,10596-336,velit vivamus vel nulla eget eros elementum pellentesque quisque,13.93,3545858910331724
Anacardiaceae,13733-002,sollicitudin mi sit amet lobortis sapien sapien non,8.76,5610172740631369
Primulaceae,67239-0201,in ante vestibulum ante ipsum primis in faucibus,20.08,4175007117415675
Marsileaceae,42291-343,erat volutpat in congue etiam,29.17,36881885424383
Boraginaceae,54365-170,integer tincidunt ante vel ipsum praesent blandit lacinia erat vestibulum,7.06,4175001308437309
Solanaceae,44004-321,scelerisque mauris sit amet eros suspendisse accumsan tortor,29.78,3573723037738463
Saxifragaceae,10006-002,justo morbi ut odio cras mi pede malesuada in imperdiet,1.79,5893775359069040
Ranunculaceae,76126-204,molestie hendrerit at vulputate vitae,4.13,30511623393055
Asteraceae,66894-0000,eget massa tempor convallis nulla neque,19.24,6389920604242088
Poaceae,54118-7981,ultrices erat tortor sollicitudin mi sit amet lobortis,17.55,337941390234218
Fabaceae,57955-5515,a suscipit nulla elit ac nulla sed vel enim sit,14.15,5100149732510386
Ebenaceae,59503-6585,pellentesque volutpat dui maecenas tristique est et tempus semper,9.14,3546155993726675
Onagraceae,56104-527,praesent blandit nam nulla integer pede justo lacinia,23.08,560222624392400653
Ericaceae,33261-160,libero ut massa volutpat convallis,2.95,3562992562485765
Polygonaceae,59428-000,at ipsum ac tellus semper interdum mauris ullamcorper purus,2.55,3555366225560646
Orthotrichaceae,75990-3111,tristique in tempus sit amet sem fusce consequat nulla nisl,29.16,3533483331622090
Hypnaceae,0378-0040,varius ut blandit non interdum,27.77,3529716125544863
Cyperaceae,43063-455,ac enim in tempor turpis,29.14,201693636713017
Rutaceae,60681-0901,eu tincidunt in leo maecenas pulvinar lobortis est phasellus sit,17.06,5602244874391480
Asteraceae,43269-786,nibh quisque id justo sit amet sapien,20.26,6767204360839704129
Asteraceae,11084-704,duis bibendum felis sed interdum,28.83,3583244536664371
Poaceae,49349-681,eget eros elementum pellentesque quisque porta volutpat erat quisque erat,2.93,3568119260396771
Liliaceae,43742-0343,mauris ullamcorper purus sit amet nulla,22.44,4017951995047419
Cyperaceae,66288-2225,in ante vestibulum ante ipsum primis in faucibus orci,29.66,374283325109197
Cactaceae,63629-4549,dolor sit amet consectetuer adipiscing elit proin risus praesent,18.93,6333216794100229
Fabaceae,11822-0542,aliquam sit amet diam in magna bibendum imperdiet nullam orci,15.94,4936310343981567845
Micareaceae,68001-140,pulvinar sed nisl nunc rhoncus dui vel sem sed,6.3,490586663329248850
Rosaceae,36987-2810,augue aliquam erat volutpat in congue etiam justo etiam,26.97,6767242283109784064
Sapotaceae,36800-703,vestibulum rutrum rutrum neque aenean auctor gravida sem praesent,21.15,3581605069887021
Apiaceae,21695-685,consequat nulla nisl nunc nisl duis bibendum felis,29.17,6393414131533189
Apiaceae,50436-3523,nisl aenean lectus pellentesque eget nunc donec quis orci eget,1.72,5602256530106953
Gyalectaceae,46122-008,pede malesuada in imperdiet et,17.99,6333041903697265
Brassicaceae,52345-3001,commodo placerat praesent blandit nam nulla integer pede justo,7.4,4913798476690430
Solanaceae,53727-101,dui maecenas tristique est et tempus,20.29,3568836477500958
Commelinaceae,47682-158,lacus morbi sem mauris laoreet ut rhoncus aliquet,26.28,5108754030815395
Fabaceae,41520-699,nunc nisl duis bibendum felis sed,6.84,3576542963442925
Typhaceae,62175-382,luctus et ultrices posuere cubilia curae duis faucibus accumsan odio,15.4,6373162979131566
Polygonaceae,67544-078,fringilla rhoncus mauris enim leo rhoncus,16.51,4733895006192420
Rubiaceae,50268-060,lectus pellentesque eget nunc donec quis orci eget,7.45,5562507920557736
Melastomataceae,59667-0064,curae mauris viverra diam vitae quam suspendisse potenti nullam,8.42,676312830877485839
Ericaceae,54569-5167,interdum eu tincidunt in leo,29.4,3535462386246771
Parmeliaceae,50988-181,nec nisi volutpat eleifend donec ut dolor morbi vel lectus,21.6,5108754177853621
Arecaceae,0527-1698,consequat dui nec nisi volutpat eleifend donec ut,22.72,3538419861493200
Rosaceae,41520-432,sollicitudin ut suscipit a feugiat et,17.6,36605705436644
Orobanchaceae,55154-6275,elit proin risus praesent lectus,23.73,4405967680544783
Begoniaceae,54868-2892,turpis donec posuere metus vitae ipsum,12.45,3565862202105668
Polemoniaceae,10237-645,mus vivamus vestibulum sagittis sapien cum sociis,4.35,3588730698034887
Pyrolaceae,76020-300,aenean lectus pellentesque eget nunc donec quis orci,24.14,3581527960941576
Arecaceae,58118-0402,sit amet sem fusce consequat nulla nisl,2.69,3553499468418487
Scrophulariaceae,57237-050,pretium quis lectus suspendisse potenti in eleifend quam a,1.61,5602238090247104
Scrophulariaceae,54868-6039,luctus tincidunt nulla mollis molestie lorem quisque,20.97,3557583348190105
Gentianaceae,36987-3278,pulvinar nulla pede ullamcorper augue a suscipit,7.49,4041375811703742
Euphorbiaceae,68462-198,turpis donec posuere metus vitae ipsum aliquam,3.93,5594919576926184
Pleosporaceae,0519-1357,est lacinia nisi venenatis tristique fusce congue diam id,22.07,0604676886351812353
Loasaceae,54482-144,integer ac neque duis bibendum morbi non,26.35,5038690773623148
Rubiaceae,17089-243,odio consequat varius integer ac,16.72,3546334544237579
Pyrenulaceae,0462-0394,tristique in tempus sit amet sem fusce consequat,9.01,5602221528110835833
Orchidaceae,59547-310,nisi vulputate nonummy maecenas tincidunt lacus at velit vivamus vel,22.5,340832803517718
Leskeaceae,52862-012,velit vivamus vel nulla eget eros,11.46,30260365618044
Cyperaceae,0603-0209,sed nisl nunc rhoncus dui vel,25.01,3578899919596438
Myrtaceae,59115-086,amet lobortis sapien sapien non mi integer ac neque duis,7.45,5610589594118641
Chenopodiaceae,10812-842,magna vulputate luctus cum sociis natoque penatibus et,22.08,560225537473121070
Stictidaceae,65862-006,purus eu magna vulputate luctus cum sociis natoque,26.17,5556324587813529
Asteraceae,0904-6256,vestibulum ante ipsum primis in faucibus orci luctus et,23.18,5530253791885133
Cactaceae,55111-231,gravida nisi at nibh in hac habitasse platea,25.45,5602217130542690
Asteraceae,0071-1013,libero nam dui proin leo odio porttitor id consequat,24.18,633301090328193847
Liliaceae,0187-0007,in lacus curabitur at ipsum ac tellus,17.55,6759212277290368
Lamiaceae,68151-4210,vestibulum ac est lacinia nisi venenatis tristique fusce,24.67,3575729324133274
Euphorbiaceae,57955-8699,purus sit amet nulla quisque,29.04,4936954030369140664
Magnoliaceae,56062-798,mauris ullamcorper purus sit amet nulla quisque arcu libero rutrum,8.33,3572600069529567
Polygonaceae,13630-0050,tincidunt nulla mollis molestie lorem quisque ut erat,26.43,3574480499919805
Rutaceae,0008-0843,molestie lorem quisque ut erat curabitur gravida nisi,3.66,6763734758178493
Oleaceae,43742-0011,nec dui luctus rutrum nulla tellus in sagittis dui,1.34,3538836721965590
Fabaceae,62742-4028,vestibulum quam sapien varius ut blandit non,18.32,3547307255981832
Myrsinaceae,55111-725,nulla tempus vivamus in felis eu sapien cursus vestibulum proin,13.19,6331104746096923780
Poaceae,55154-4737,ipsum primis in faucibus orci luctus et ultrices posuere,22.97,5243891676563040
Ranunculaceae,49348-744,dictumst maecenas ut massa quis augue luctus,5.33,3534274777864406
Orchidaceae,50436-0171,metus arcu adipiscing molestie hendrerit at vulputate vitae,9.31,5562576082225697
Campanulaceae,67296-0671,eget tincidunt eget tempus vel pede morbi porttitor lorem,8.92,4905954604272449
Hydrophyllaceae,43269-772,cras non velit nec nisi vulputate nonummy maecenas tincidunt,19.39,3564622983396493
Campanulaceae,58411-207,sapien a libero nam dui proin leo,19.32,5602231100150699
Fabaceae,50991-323,varius integer ac leo pellentesque ultrices mattis odio donec vitae,2.06,5002352048260691
Liliaceae,30142-888,aliquam quis turpis eget elit sodales scelerisque mauris sit,20.21,6759530535815485692
Salicaceae,49291-0001,nibh ligula nec sem duis aliquam,27.68,4917826262848452
Rosaceae,63629-2682,ornare imperdiet sapien urna pretium nisl ut volutpat sapien,8.65,3539968410910683
Poaceae,0703-9032,elit proin interdum mauris non ligula,12.3,4474697703703
Fabaceae,50685-009,pede libero quis orci nullam molestie nibh,23.86,3586731132837010
Nymphaeaceae,0781-3303,sed nisl nunc rhoncus dui vel sem sed sagittis,23.19,4175001574697677
Asteraceae,67467-182,nisi volutpat eleifend donec ut dolor,28.83,560225098728279205
Asteraceae,17856-0691,a libero nam dui proin leo odio porttitor id consequat,11.99,6759302431591718
Onagraceae,64092-031,congue vivamus metus arcu adipiscing molestie,22.82,3565110765095656
Cornaceae,33342-034,sed magna at nunc commodo,23.3,633110644354335952
Lamiaceae,43063-195,elementum pellentesque quisque porta volutpat erat quisque erat eros,2.07,3578514255508281
Lamiaceae,36800-344,mauris lacinia sapien quis libero nullam sit amet,24.09,30368813541914
Fabaceae,63739-355,quis lectus suspendisse potenti in eleifend quam a odio in,28.13,3534611218242553
Caryophyllaceae,11084-137,lacus curabitur at ipsum ac tellus,29.16,3535356500747963
Parmeliaceae,49715-009,nascetur ridiculus mus vivamus vestibulum sagittis sapien cum sociis,19.41,3535091405895290
Amblystegiaceae,54365-400,libero rutrum ac lobortis vel dapibus at diam nam,11.91,501842909408578525
Grossulariaceae,47682-919,lobortis est phasellus sit amet erat nulla tempus vivamus in,4.67,3547554234401479
Apiaceae,52069-102,libero non mattis pulvinar nulla pede ullamcorper,3.75,3542259548873331
Salicaceae,0378-6440,nulla ac enim in tempor turpis nec euismod scelerisque,21.54,201884292856550
Scrophulariaceae,66435-202,lectus in est risus auctor sed,10.57,4026435899195119
Rosaceae,0440-7380,pellentesque quisque porta volutpat erat quisque erat,3.49,5010123815991267
Caryophyllaceae,54973-3122,primis in faucibus orci luctus et ultrices,21.61,337941176976859
Polygonaceae,17089-311,tortor duis mattis egestas metus aenean fermentum donec ut,22.23,3579849630808637
Asteraceae,45963-125,nisl nunc rhoncus dui vel sem sed sagittis,7.37,3564790491296529
Rutaceae,42411-020,volutpat eleifend donec ut dolor morbi,24.15,5602251070753041
Asteraceae,68391-685,libero rutrum ac lobortis vel dapibus at diam,27.44,30551414440335
Fabaceae,62011-0059,lobortis convallis tortor risus dapibus augue,26.19,3536970301638103
Fumariaceae,65841-636,odio consequat varius integer ac leo pellentesque ultrices mattis,2.14,3532962991956089
Myrtaceae,68462-127,ultrices aliquet maecenas leo odio,1.35,3550156588507762
Liliaceae,37000-142,viverra dapibus nulla suscipit ligula in,29.75,4405994281827219
Rosaceae,33992-1307,convallis nunc proin at turpis a,14.93,3535766434224212
Aspleniaceae,0019-1188,justo maecenas rhoncus aliquam lacus morbi quis tortor id nulla,21.27,3537663150584523
Polygonaceae,0004-0298,ipsum ac tellus semper interdum mauris ullamcorper purus sit,16.24,3565095039392155
Polemoniaceae,56062-337,quam pede lobortis ligula sit amet eleifend,23.28,6762779271371156204
Fabaceae,41250-417,nisi volutpat eleifend donec ut dolor morbi,9.84,3586641696454864
Cucurbitaceae,49738-557,id ligula suspendisse ornare consequat lectus,9.33,3545080904286836
Asteraceae,64950-230,faucibus orci luctus et ultrices posuere cubilia curae mauris viverra,8.35,50384672943408713
Orchidaceae,52125-590,faucibus accumsan odio curabitur convallis duis consequat dui,29.77,3585170220785677
Ericaceae,55154-2675,facilisi cras non velit nec,26.18,3568748281586893
Campanulaceae,48878-3316,fermentum donec ut mauris eget massa tempor convallis nulla,6.97,5010122606089877
Alismataceae,53045-252,auctor sed tristique in tempus sit amet sem,26.69,4905611703570822
Dennstaedtiaceae,55154-5413,amet erat nulla tempus vivamus in felis,26.45,06048092703436194
Liliaceae,65862-465,ut at dolor quis odio,24.56,3544661587233541
Bignoniaceae,24987-242,sit amet erat nulla tempus vivamus,18.63,6373787110444070
Asteraceae,59970-044,non mauris morbi non lectus aliquam sit,28.46,201570401916522
Onagraceae,51514-0313,sem fusce consequat nulla nisl nunc,9.86,560223140395908203
Apiaceae,0904-5536,tincidunt in leo maecenas pulvinar lobortis est phasellus,15.2,5010129424821159
Saxifragaceae,49643-340,amet eros suspendisse accumsan tortor,28.26,3532858384705291
Fabaceae,54868-6243,nulla quisque arcu libero rutrum ac lobortis vel dapibus,17.47,67637611050813777
Gyalectaceae,55289-823,in quis justo maecenas rhoncus aliquam lacus morbi,8.13,5439326564620093
Cyperaceae,43742-0170,orci luctus et ultrices posuere cubilia curae duis faucibus,25.12,4175002911940739
Clusiaceae,13537-455,sit amet consectetuer adipiscing elit proin risus praesent lectus vestibulum,20.47,3571850280664351
Violaceae,54569-3688,rhoncus aliquam lacus morbi quis,2.33,3588499708712888
Scrophulariaceae,0395-1667,nunc purus phasellus in felis,27.55,5018164496125664358
Cyperaceae,0615-2304,posuere cubilia curae mauris viverra,17.36,341030857280437
Liliaceae,55154-2364,ipsum primis in faucibus orci luctus et,13.28,633338622603491905
Cyperaceae,0023-4383,a feugiat et eros vestibulum ac est,28.62,3587946382943495
Rosaceae,0168-0111,sollicitudin ut suscipit a feugiat et eros vestibulum,28.87,3578740139420001
Convolvulaceae,59779-998,odio elementum eu interdum eu,11.37,3537937114885113
Liliaceae,36800-499,ipsum ac tellus semper interdum mauris ullamcorper,13.01,5596728708378620
Grimmiaceae,35000-848,semper porta volutpat quam pede lobortis ligula sit amet eleifend,13.24,3540906671191574
Fabaceae,49738-430,suspendisse potenti nullam porttitor lacus at turpis donec posuere metus,13.09,560222717749455931
Apiaceae,52544-554,pellentesque volutpat dui maecenas tristique,20.17,4936594800102538
Asteraceae,0832-1072,mattis pulvinar nulla pede ullamcorper augue a suscipit nulla,8.08,5602229959390499
Juglandaceae,63629-1253,duis bibendum morbi non quam nec,9.22,5010127811315637
Liliaceae,49349-520,lacinia aenean sit amet justo,15.61,490598521464447537
Poaceae,59310-210,sit amet sem fusce consequat nulla,28.75,676799151625392603
Brassicaceae,33992-0291,mauris laoreet ut rhoncus aliquet pulvinar sed nisl,13.58,4917468090874408
Euphorbiaceae,63776-075,suspendisse ornare consequat lectus in,2.18,3572619245284772
Poaceae,59630-755,scelerisque mauris sit amet eros suspendisse accumsan tortor quis,2.34,6331109960538821
Scrophulariaceae,55301-299,odio cras mi pede malesuada in imperdiet et,15.14,3532206905350777
Asteraceae,55154-0727,ultrices aliquet maecenas leo odio condimentum id luctus nec molestie,5.79,3540163871758386
Asteraceae,69147-196,vestibulum eget vulputate ut ultrices vel augue vestibulum,22.64,3559429765514450
Myrtaceae,49401-103,at lorem integer tincidunt ante vel ipsum praesent,19.98,3563560229445438
Acanthaceae,52083-622,proin interdum mauris non ligula,16.9,6396973733524190
Asteraceae,55910-396,sapien quis libero nullam sit amet turpis,25.53,6333446237998398
Bartramiaceae,36987-1575,tortor risus dapibus augue vel accumsan,8.99,677182422856387353
Calyceraceae,63323-113,enim leo rhoncus sed vestibulum sit,24.59,3556792901152417
Pteridaceae,52584-796,quis justo maecenas rhoncus aliquam lacus morbi,22.55,372301878546102
Asteraceae,51668-507,massa volutpat convallis morbi odio odio elementum eu,14.68,4913613692078411
Capparaceae,53499-5090,consequat lectus in est risus,12.86,3537549341005991
Apocynaceae,61333-202,sociis natoque penatibus et magnis dis parturient,23.57,6333657490961762
Poaceae,36987-1256,ac consequat metus sapien ut nunc vestibulum ante,17.44,5602216596636400
Primulaceae,68703-051,nam nulla integer pede justo lacinia eget tincidunt eget tempus,3.75,3569570177669420
Papaveraceae,48951-2073,eget eros elementum pellentesque quisque porta,22.29,676316857574887385
Grammitidaceae,58411-215,praesent blandit lacinia erat vestibulum sed magna,2.4,3580500118869842
Chenopodiaceae,68382-097,in faucibus orci luctus et ultrices posuere cubilia,23.79,633417268695652527
Rhamnaceae,0944-4210,aliquet maecenas leo odio condimentum,7.04,30044600280988
Anacardiaceae,55390-123,integer ac neque duis bibendum morbi non quam,7.81,3580703078778447
Scrophulariaceae,51769-003,faucibus orci luctus et ultrices posuere cubilia curae donec,21.39,4756040221672680
Cactaceae,47682-167,morbi a ipsum integer a nibh in quis,14.69,5100177040586038
Cyperaceae,54575-941,id massa id nisl venenatis,24.5,3533858564023142
Pinaceae,37808-010,facilisi cras non velit nec nisi,24.66,5602248254026632
Acarosporaceae,51270-117,odio cras mi pede malesuada,26.05,3545379101929044
Asteraceae,58232-0024,ligula suspendisse ornare consequat lectus in est risus auctor,8.27,56022233257362411
Asteraceae,57955-7019,mi in porttitor pede justo,16.81,5602256046030630
Trypetheliaceae,49715-004,sed vel enim sit amet nunc viverra dapibus,11.42,3563420214014790
Brassicaceae,0436-0672,consequat ut nulla sed accumsan felis ut at,8.24,3584139683726503
Myrtaceae,66794-010,ridiculus mus etiam vel augue vestibulum rutrum rutrum,12.12,4903062483140939103
Fontinalaceae,0113-0839,maecenas rhoncus aliquam lacus morbi quis tortor,3.03,3557443777073506
Grammitidaceae,41163-488,vestibulum ante ipsum primis in faucibus orci luctus,13.05,3536401108625234
Pteridaceae,0338-0050,duis at velit eu est congue elementum in hac,18.8,3554696266149276
Asteraceae,24987-087,ante ipsum primis in faucibus orci luctus et,25.75,3574997029700850
Caryophyllaceae,24338-611,nullam varius nulla facilisi cras non,22.58,4182468910726
Dennstaedtiaceae,0615-4514,turpis enim blandit mi in porttitor pede justo eu,20.67,5610891236329424
Asteraceae,0173-0633,lacus purus aliquet at feugiat non,11.12,501874858124436602
Asteraceae,10812-382,placerat ante nulla justo aliquam quis turpis eget elit,6.36,3559408243581935
Fabaceae,0591-0861,varius ut blandit non interdum in ante vestibulum ante,21.18,63041193638808222
Lamiaceae,54868-6140,risus dapibus augue vel accumsan tellus nisi eu orci,15.8,3570666701059356
Asteraceae,0143-9681,lacus curabitur at ipsum ac tellus,24.51,3561369090637814
Polemoniaceae,11673-423,pede justo lacinia eget tincidunt eget,28.71,374283786148726
Asteraceae,43742-0240,nulla suscipit ligula in lacus curabitur at,6.16,372301594655492
Hydrophyllaceae,0051-0022,montes nascetur ridiculus mus vivamus vestibulum,19.3,3551459863119033
Euphorbiaceae,63146-301,donec semper sapien a libero nam dui proin leo odio,27.59,337941877337062
Apiaceae,54868-0654,viverra pede ac diam cras pellentesque volutpat dui maecenas,25.56,6304375248954816
Asteraceae,54868-3732,vestibulum sed magna at nunc commodo placerat praesent,6.59,6763332651050578
Rhamnaceae,43742-0029,consequat lectus in est risus auctor sed tristique,27.72,0604352490870275233
Salicaceae,68428-039,ultrices enim lorem ipsum dolor sit amet consectetuer,1.6,5602221095340694
Orchidaceae,63354-316,quam sollicitudin vitae consectetuer eget rutrum at,27.71,3528716474809140
Campanulaceae,43742-0058,donec posuere metus vitae ipsum aliquam,8.42,201882108480516
Physciaceae,0363-4012,lacinia sapien quis libero nullam sit,24.73,374288173604447
Asteraceae,67850-013,viverra eget congue eget semper rutrum nulla nunc purus,21.51,5100171279183419
Asteraceae,55154-4616,arcu libero rutrum ac lobortis,5.46,4844437330145034
Poaceae,47781-730,nullam orci pede venenatis non,21.36,3584489176057613
Lamiaceae,37808-011,sodales sed tincidunt eu felis fusce posuere felis sed,9.53,340544023329242
Cuscutaceae,58414-2046,tellus in sagittis dui vel nisl duis,16.42,3553856190218271
Scrophulariaceae,63347-120,eu sapien cursus vestibulum proin eu mi nulla ac enim,12.44,4405686264844662
Nymphaeaceae,0220-9048,ipsum ac tellus semper interdum mauris ullamcorper,2.28,30463523935165
Poaceae,55390-613,nullam porttitor lacus at turpis donec posuere metus,16.16,58931638927960038
Asteraceae,58118-5771,libero quis orci nullam molestie nibh in lectus,27.96,503840863913090005
Crassulaceae,44237-001,convallis tortor risus dapibus augue vel accumsan tellus,20.08,3587826580016700
Funariaceae,54868-6156,sit amet erat nulla tempus vivamus in,25.79,5602233202127955
Asteraceae,36987-2161,rutrum rutrum neque aenean auctor,3.51,201533858240705
Porpidiaceae,0781-5915,lobortis sapien sapien non mi integer,22.3,3553383310024430
Asclepiadaceae,51655-189,sem fusce consequat nulla nisl nunc nisl,16.5,201778731778922
Asteraceae,62011-0226,purus aliquet at feugiat non pretium quis lectus,13.32,5602215104966713
Opegraphaceae,50169-0003,felis donec semper sapien a libero nam dui,23.87,3564205648405097
Asteraceae,53645-1230,morbi non lectus aliquam sit amet diam,29.75,6397726676473158
Asteraceae,36987-2630,diam vitae quam suspendisse potenti,23.59,3563474662143163
Moraceae,61919-424,ultrices aliquet maecenas leo odio condimentum id luctus nec molestie,4.23,493629871447219926
Rubiaceae,30142-964,enim blandit mi in porttitor pede justo eu massa donec,23.83,5167322027663729
Fabaceae,60505-2578,eu mi nulla ac enim in tempor,6.51,3539772540377320
Fabaceae,68151-1305,eu felis fusce posuere felis sed,4.09,201845132901203
Rubiaceae,16714-633,in eleifend quam a odio in hac,12.99,201777313606642
Poaceae,65044-1214,praesent id massa id nisl venenatis lacinia aenean sit amet,3.22,3577739576791511
Crassulaceae,37012-667,interdum in ante vestibulum ante ipsum primis,2.09,3546533670769566
Caprifoliaceae,66479-582,curabitur gravida nisi at nibh in hac habitasse,19.19,5418118862988495
Asteraceae,50458-641,id pretium iaculis diam erat fermentum justo,10.67,6371025306545984
Fabaceae,68472-106,pede malesuada in imperdiet et commodo vulputate justo in,18.87,6763718690161306335
Fuscideaceae,0076-0902,dui proin leo odio porttitor id consequat in consequat ut,18.24,3538358704476842
Lamiaceae,60505-3162,justo maecenas rhoncus aliquam lacus morbi quis tortor id,28.37,3580917827636280
Lamiaceae,51346-109,sed lacus morbi sem mauris laoreet,18.38,3570568292527454
Poaceae,50268-330,ipsum praesent blandit lacinia erat vestibulum sed magna,5.17,3567123953863676
Poaceae,10578-046,in eleifend quam a odio in,22.77,3587977805197302
Flacourtiaceae,47649-9001,odio elementum eu interdum eu,16.52,493690861789981781
Ranunculaceae,65293-007,nulla nunc purus phasellus in felis donec semper sapien a,1.9,67629098044481103
Caryophyllaceae,68084-604,ullamcorper augue a suscipit nulla elit ac nulla sed vel,7.87,3575059630245608
Lamiaceae,55154-2731,urna ut tellus nulla ut erat,7.35,3537480567242763
Catillariaceae,59883-922,tortor sollicitudin mi sit amet lobortis sapien sapien non mi,29.07,374622311807399
Nyctaginaceae,11523-0544,morbi sem mauris laoreet ut rhoncus aliquet pulvinar,27.19,3548916576418545
Arthoniaceae,68462-200,fringilla rhoncus mauris enim leo rhoncus sed,17.97,5602230810966220
Liliaceae,58118-5522,est lacinia nisi venenatis tristique fusce congue diam,19.81,6761630612949129838
Bartramiaceae,76490-0010,lectus pellentesque at nulla suspendisse potenti cras,10.77,3565878821506276
Hydrophyllaceae,0472-0912,lectus suspendisse potenti in eleifend quam,27.23,3586461497606921
Berberidaceae,48951-4028,non mauris morbi non lectus aliquam sit amet diam in,22.71,5038454954743924056
Myricaceae,51808-204,vestibulum ante ipsum primis in faucibus orci,1.97,3544180693739275
Asteraceae,49643-412,consectetuer eget rutrum at lorem,22.99,56022287670175404
Pteridaceae,60505-2865,sit amet turpis elementum ligula vehicula consequat,17.43,5002352010523753
Caprifoliaceae,10345-026,blandit lacinia erat vestibulum sed magna at,13.53,5010120576034147
Fumariaceae,61481-0680,adipiscing molestie hendrerit at vulputate vitae nisl,11.27,4041370327298
Poaceae,51531-4328,massa volutpat convallis morbi odio,22.53,3548602717627786
Rosaceae,75989-550,nullam orci pede venenatis non sodales sed tincidunt eu felis,23.58,3543950283584294
Nyctaginaceae,51824-423,elit proin interdum mauris non,23.72,374288562979699
Rosaceae,59863-325,ut nulla sed accumsan felis ut at dolor quis,27.64,4508184272343527
Liliaceae,52125-904,in est risus auctor sed tristique in tempus sit amet,24.68,3541216123599856
Fabaceae,54575-382,erat curabitur gravida nisi at nibh in hac,12.28,3584674922560933
Tamaricaceae,57344-161,nunc nisl duis bibendum felis sed interdum venenatis turpis enim,19.52,4844406075830340
Fabaceae,11716-1192,nunc donec quis orci eget,19.38,5602234246447607
Krameriaceae,53345-007,turpis eget elit sodales scelerisque mauris,24.28,3534451972991115
Caprifoliaceae,66854-007,erat id mauris vulputate elementum,20.47,3553991385289876
Myrtaceae,55154-4788,ridiculus mus vivamus vestibulum sagittis sapien cum sociis natoque,12.7,3552834553130806
Asteraceae,66993-463,turpis enim blandit mi in porttitor pede,5.36,5100137808607475
Chenopodiaceae,35356-085,vitae ipsum aliquam non mauris morbi non lectus aliquam,18.87,6304809574401024184
Rutaceae,68151-2718,magnis dis parturient montes nascetur ridiculus mus vivamus,17.83,3551305032257255
Asteraceae,42254-124,praesent lectus vestibulum quam sapien varius ut blandit non,6.92,3539609385672698
Apiaceae,13537-063,pede lobortis ligula sit amet eleifend pede libero quis,20.47,3558709128722671
Apiaceae,55118-555,vestibulum eget vulputate ut ultrices vel augue vestibulum,15.68,3529224304099619
Thelotremataceae,68327-023,est phasellus sit amet erat nulla,10.76,201740852972957
Scrophulariaceae,59779-130,iaculis congue vivamus metus arcu adipiscing,23.7,6304736938176889
Cactaceae,10544-585,molestie nibh in lectus pellentesque at nulla,7.0,3554193342235535
Hypnaceae,63187-166,purus aliquet at feugiat non pretium quis,8.12,50389993783539481
Malpighiaceae,64578-0068,adipiscing molestie hendrerit at vulputate vitae,26.38,6767640065191606
Fabaceae,54868-5637,nulla integer pede justo lacinia eget tincidunt,21.12,3562834396841294
Campanulaceae,68327-023,maecenas tincidunt lacus at velit vivamus vel nulla eget eros,13.14,633110505293367820
Loasaceae,46672-053,porttitor lorem id ligula suspendisse ornare consequat,23.27,3574103093710368
Malvaceae,53208-550,praesent blandit nam nulla integer pede,7.2,3578134993135287
Moraceae,62742-4058,odio in hac habitasse platea dictumst maecenas,13.45,493690497343991675
Onagraceae,0071-0007,pellentesque at nulla suspendisse potenti cras in purus,23.66,30037137272049
Asteraceae,24670-0001,nulla ultrices aliquet maecenas leo odio condimentum id,4.46,201471267897932
Tiliaceae,60683-129,sapien quis libero nullam sit,22.92,6394866958376191
Leucodontaceae,52183-239,scelerisque mauris sit amet eros suspendisse,23.18,3575367721019570
Cactaceae,52125-750,semper porta volutpat quam pede lobortis ligula sit,27.79,4017950671970092
Asteraceae,44929-001,risus auctor sed tristique in tempus sit,4.85,30081898506575
Poaceae,62211-350,lorem ipsum dolor sit amet consectetuer adipiscing elit proin interdum,14.95,3558066807230405
Ericaceae,68016-318,ac lobortis vel dapibus at diam nam tristique tortor,27.65,3551939809750033
Micareaceae,76436-129,nibh in quis justo maecenas rhoncus aliquam lacus,17.46,3569934948323826
Rubiaceae,68084-746,sociis natoque penatibus et magnis,15.49,3544290735224655
Lamiaceae,42507-057,sem fusce consequat nulla nisl nunc,27.49,56022190284839706
Dioscoreaceae,43275-110,sed tristique in tempus sit amet sem fusce consequat,16.29,5602222205622070
Euphorbiaceae,50114-1195,ligula suspendisse ornare consequat lectus,7.9,3571451898015571
Poaceae,75885-040,nisl duis ac nibh fusce lacus purus aliquet,5.22,3538141396376763
Vitaceae,57520-0332,fusce congue diam id ornare imperdiet sapien urna,12.46,3547691932861974
Scrophulariaceae,11344-269,a ipsum integer a nibh in quis justo maecenas rhoncus,12.92,201409283948644
Fabaceae,36987-2435,blandit ultrices enim lorem ipsum,26.76,3561518059048211
Asteraceae,55154-1376,tincidunt lacus at velit vivamus,20.99,5641825260401777
Cyperaceae,0268-0864,purus sit amet nulla quisque arcu libero rutrum,24.22,493639665307563631
Asteraceae,21695-883,ut mauris eget massa tempor convallis nulla neque libero,15.32,3531703223379281
Lobariaceae,51060-009,lorem ipsum dolor sit amet consectetuer adipiscing elit,3.45,6761534767843663709
Loganiaceae,49834-001,orci luctus et ultrices posuere,12.3,3534138399826798
Parmeliaceae,61589-5312,est phasellus sit amet erat nulla,1.28,5581953830407611
Crassulaceae,30142-692,nisi volutpat eleifend donec ut dolor,29.72,3544300723863982
Thymelaeaceae,48878-0620,lorem vitae mattis nibh ligula nec sem duis,19.98,3556621327160326
Bryaceae,64778-1375,neque aenean auctor gravida sem praesent,23.36,3565514155133458
Fagaceae,63629-4151,ac diam cras pellentesque volutpat dui maecenas,11.36,3545129897070580
Asteraceae,60760-229,ac nulla sed vel enim,20.48,5100147640743990
Onagraceae,62670-1525,congue eget semper rutrum nulla nunc purus phasellus in felis,13.35,6762830593016657
Physciaceae,13734-116,erat id mauris vulputate elementum nullam varius,18.59,3573960023368919
Salicaceae,63187-076,vel est donec odio justo sollicitudin ut suscipit a,7.11,5108759278555678
Sematophyllaceae,51655-125,quis orci eget orci vehicula condimentum,24.9,5007662090118604
Lophosoriaceae,55301-871,sit amet lobortis sapien sapien non mi integer ac,18.16,3528845241672364
Poaceae,0781-5668,congue elementum in hac habitasse platea dictumst morbi,7.83,3580813450241615
Haloragaceae,52959-338,nibh in lectus pellentesque at nulla suspendisse potenti,4.41,201665644021955
Fagaceae,52544-220,lacinia sapien quis libero nullam sit amet turpis elementum ligula,20.32,675903994242556661
Boraginaceae,11695-1425,volutpat eleifend donec ut dolor morbi vel lectus in quam,11.68,3541025797967533
Portulacaceae,52685-328,turpis eget elit sodales scelerisque mauris sit amet eros suspendisse,26.71,5602244111065590
Cactaceae,49527-743,aenean sit amet justo morbi ut odio cras,9.91,4405698486836434
Brassicaceae,42507-994,etiam pretium iaculis justo in hac habitasse platea dictumst etiam,23.7,4917711450725219
Asteraceae,65044-1435,cubilia curae mauris viverra diam vitae quam suspendisse potenti,10.34,589395410064980705
Pinaceae,52125-759,in sapien iaculis congue vivamus,11.39,3565782143239451
Apiaceae,49643-394,lectus pellentesque at nulla suspendisse potenti cras in purus,22.77,3533158489575445
Cyperaceae,54569-5921,libero rutrum ac lobortis vel,21.05,3588083594207201
Violaceae,66116-478,eget semper rutrum nulla nunc purus phasellus in felis donec,21.03,5602257274116323
Cyperaceae,0378-3121,a feugiat et eros vestibulum ac,10.65,3543933067488866
Lythraceae,57955-5030,nunc commodo placerat praesent blandit nam nulla integer pede justo,18.81,4026980981500841
Coccocarpiaceae,33992-6159,habitasse platea dictumst maecenas ut massa,8.53,3583274560773517
Parmeliaceae,66621-1010,posuere felis sed lacus morbi,22.44,374283312245020
Primulaceae,16781-403,massa id lobortis convallis tortor risus dapibus augue vel accumsan,18.39,6763759226332471
Coccocarpiaceae,54868-5914,maecenas tristique est et tempus semper est,16.68,372301490254838
Acanthaceae,10356-553,nisl duis bibendum felis sed interdum venenatis turpis enim,18.32,3531901897933082
Fabaceae,59735-308,lectus in est risus auctor sed tristique in tempus sit,18.48,5100175585123613
Scrophulariaceae,0591-3498,eget orci vehicula condimentum curabitur in libero ut,18.48,3532075402576436
Scrophulariaceae,51346-015,sodales sed tincidunt eu felis,27.49,3547390746911188
Polemoniaceae,49999-227,congue elementum in hac habitasse platea dictumst morbi,20.08,3545679187145054
Fagaceae,49288-0434,dolor morbi vel lectus in quam fringilla rhoncus mauris,4.34,5018048716660594765
Lamiaceae,63323-202,iaculis justo in hac habitasse platea dictumst etiam faucibus,21.76,5602259457145418
Passifloraceae,44781-140,eleifend luctus ultricies eu nibh quisque id justo sit amet,2.67,3572952933839072
Iridaceae,69106-020,elementum nullam varius nulla facilisi,7.21,4936543209664294248
Clusiaceae,41167-0333,risus auctor sed tristique in tempus,1.18,36067671199765
Violaceae,68180-837,pellentesque eget nunc donec quis orci eget orci vehicula,6.83,5602241368114444
Uncertain Ascomycota Family,68645-430,faucibus orci luctus et ultrices posuere cubilia,2.6,3545630278871405
Poaceae,0615-6585,nulla nunc purus phasellus in felis donec semper sapien a,19.46,201433094552908
Fabaceae,63323-321,diam neque vestibulum eget vulputate,3.01,5602251614879153
Malvaceae,37000-135,arcu sed augue aliquam erat,4.22,4026220469028191
Flacourtiaceae,63739-455,non sodales sed tincidunt eu felis fusce,13.1,630409288020118917
Asteraceae,50242-018,nisl aenean lectus pellentesque eget nunc donec quis,2.75,6383864781296580
Trapeliaceae,64980-181,ornare imperdiet sapien urna pretium nisl ut volutpat sapien,1.81,3574176266553450
Lamiaceae,36987-2619,tempor turpis nec euismod scelerisque quam turpis,24.94,493604278553391326
Papaveraceae,21695-516,sollicitudin ut suscipit a feugiat et eros vestibulum,26.42,3589472736763677
Fabaceae,43269-875,odio curabitur convallis duis consequat dui,16.89,374288940140238
Seligeriaceae,49288-0621,mauris non ligula pellentesque ultrices phasellus id sapien,28.3,3555151826204053
Ericaceae,54868-4768,a suscipit nulla elit ac,1.3,5100176722476385
Liliaceae,54868-4251,sit amet nulla quisque arcu,21.45,3589873949977279
Valerianaceae,10191-1243,lectus suspendisse potenti in eleifend,9.05,5560408066582467
Hymeneliaceae,44911-0083,in magna bibendum imperdiet nullam orci pede venenatis non,27.56,3529583675326699
Parmeliaceae,52125-654,ut blandit non interdum in ante vestibulum,1.98,560222557759824877
Fabaceae,54569-0025,posuere nonummy integer non velit donec diam neque vestibulum,17.82,30012780187935
Melastomataceae,55154-6241,proin eu mi nulla ac enim in,19.24,201731601008458
Boraginaceae,59762-0057,luctus ultricies eu nibh quisque id justo,25.65,3538406089942423
Brassicaceae,55150-155,purus aliquet at feugiat non pretium quis,22.62,3564563730585840
Verrucariaceae,53329-231,a ipsum integer a nibh in quis justo maecenas,4.51,201451377000593
Poaceae,47682-115,mi pede malesuada in imperdiet,28.84,3589222860356412
Poaceae,59262-362,pede venenatis non sodales sed tincidunt eu felis,27.41,5602224734253154597
Malvaceae,52164-1120,justo eu massa donec dapibus duis at velit,25.8,5610950314580363
Scrophulariaceae,0054-3185,sem fusce consequat nulla nisl nunc nisl,21.96,3547560223408227
Asteraceae,65862-037,integer ac neque duis bibendum morbi,6.9,5100149675561925
Lemnaceae,17089-408,orci luctus et ultrices posuere cubilia curae duis,5.02,5366289687156535
Brassicaceae,13668-151,iaculis justo in hac habitasse platea,20.22,3531054944359149
Grossulariaceae,76254-3001,lectus suspendisse potenti in eleifend quam,11.54,4844564389242931
Cyperaceae,55111-606,faucibus orci luctus et ultrices posuere cubilia curae nulla,25.75,5610214420724682
Euphorbiaceae,36800-498,donec odio justo sollicitudin ut suscipit a,20.54,3563635682821950
Orchidaceae,59779-431,phasellus id sapien in sapien iaculis,7.16,560223321959310941
Cyperaceae,63459-391,non mauris morbi non lectus aliquam sit amet diam,7.14,67065589455674989
Ericaceae,51239-0929,dapibus at diam nam tristique tortor,8.1,3566874076517414
Lamiaceae,45865-411,metus vitae ipsum aliquam non mauris morbi non lectus,25.26,3535720352745195
Sarraceniaceae,68788-9530,quam sollicitudin vitae consectetuer eget rutrum,15.08,5610654196689124
Rosaceae,0615-5647,consequat morbi a ipsum integer a,16.47,3554537851891676
Magnoliaceae,55714-2355,vivamus tortor duis mattis egestas metus aenean fermentum,4.5,3577046835352568
Fabaceae,61657-0015,id luctus nec molestie sed justo pellentesque,6.96,633340287986639680
Fabaceae,21695-678,vivamus metus arcu adipiscing molestie,21.79,4936532086779355
Fabroniaceae,36987-2597,pede malesuada in imperdiet et commodo vulputate justo,4.74,3569399661621378
Fabaceae,59779-292,feugiat non pretium quis lectus suspendisse potenti in eleifend quam,17.33,5602229701393601
Fabaceae,21695-663,eleifend luctus ultricies eu nibh quisque id justo,2.11,490502846104936986
Pterigynandraceae,63187-148,aliquet massa id lobortis convallis tortor risus dapibus,26.94,5610359377923406516
Teloschistaceae,0781-6168,dictumst maecenas ut massa quis,6.26,4913982607208508
Brassicaceae,36987-2918,turpis integer aliquet massa id,29.91,30367329639816
Brassicaceae,36987-1964,eu nibh quisque id justo sit amet sapien dignissim,6.12,30473503436324
Liliaceae,49288-0561,odio consequat varius integer ac leo pellentesque ultrices,22.45,346035360814627
Chenopodiaceae,24208-385,fusce posuere felis sed lacus morbi,29.36,6395190585078750
Campanulaceae,63824-480,ipsum praesent blandit lacinia erat vestibulum sed magna,1.12,5575617829302228
Lamiaceae,68016-078,vivamus in felis eu sapien cursus vestibulum,15.07,3580144557004379
Iridaceae,55154-5030,velit vivamus vel nulla eget eros elementum pellentesque,24.06,5002355496026019
Coniocybaceae,49288-0777,magna vulputate luctus cum sociis natoque penatibus et magnis dis,17.92,201930035775514
Rosaceae,65862-467,vestibulum quam sapien varius ut blandit non interdum,15.02,5610424831659779
Asteraceae,10812-007,egestas metus aenean fermentum donec ut mauris eget massa tempor,2.48,5602233335370035
Celastraceae,49580-0142,purus sit amet nulla quisque arcu libero rutrum ac lobortis,18.32,6331101517783869
Dioscoreaceae,56062-176,porta volutpat erat quisque erat eros viverra,15.62,3587780545652762
Nyctaginaceae,53808-0245,amet sapien dignissim vestibulum vestibulum ante ipsum primis in faucibus,28.2,372738849076752
Boraginaceae,68647-160,felis fusce posuere felis sed lacus morbi,10.89,3561568502998793
Sematophyllaceae,30142-430,nonummy maecenas tincidunt lacus at velit vivamus vel nulla eget,17.26,633110155634958695
Fagaceae,52125-477,euismod scelerisque quam turpis adipiscing,12.26,3561597185022472
Rosaceae,11822-3108,dictumst maecenas ut massa quis augue luctus tincidunt nulla mollis,15.93,5525808977177378
Rubiaceae,68084-124,id nisl venenatis lacinia aenean sit,19.55,3585585431342010
Asteraceae,0641-6031,laoreet ut rhoncus aliquet pulvinar sed nisl nunc rhoncus,13.04,3578737568452166
Brassicaceae,63629-4145,luctus tincidunt nulla mollis molestie,10.17,560225049161495964
Grossulariaceae,0781-5780,nec euismod scelerisque quam turpis,6.54,3580980352024728
Fabaceae,50436-6112,adipiscing molestie hendrerit at vulputate,6.41,564182681799171436
Poaceae,62802-647,libero non mattis pulvinar nulla pede ullamcorper,8.21,3537007915616362
Malpighiaceae,52815-123,amet eleifend pede libero quis orci,6.0,3555326932715602
Myrtaceae,58484-200,ultricies eu nibh quisque id justo sit amet sapien dignissim,2.2,4175006341188074
Poaceae,43068-102,eu sapien cursus vestibulum proin eu mi nulla ac enim,5.82,3559822769487063
Poaceae,0093-7658,dui maecenas tristique est et tempus semper,22.22,374283916660384
Fabaceae,49527-039,amet diam in magna bibendum,18.64,3529247704141913
Brassicaceae,57520-0636,viverra eget congue eget semper rutrum nulla nunc purus,23.03,4405472430886998
Cactaceae,52544-967,in imperdiet et commodo vulputate justo in blandit ultrices,18.38,6304160201664499
Asteraceae,68788-9156,est lacinia nisi venenatis tristique fusce congue diam id ornare,28.59,4175000401633293
Fabaceae,16714-588,sed ante vivamus tortor duis mattis,10.82,5602242370018464258
Poaceae,62756-183,suspendisse potenti cras in purus eu magna,4.94,30384750096531
Poaceae,37205-648,adipiscing lorem vitae mattis nibh ligula nec sem,13.5,5602232373420045816
Brassicaceae,68345-620,mi pede malesuada in imperdiet et commodo vulputate justo in,15.12,3581340608695418
Polemoniaceae,42291-711,orci mauris lacinia sapien quis libero nullam sit amet,5.16,3580920844890948
Cyperaceae,54868-0767,nec nisi vulputate nonummy maecenas tincidunt,26.56,5007662656426607
Lecanoraceae,53157-303,cubilia curae duis faucibus accumsan odio,8.77,67716504905246042
Liliaceae,98132-2132,justo morbi ut odio cras mi pede malesuada in imperdiet,19.36,589332384764797618
Apiaceae,63739-265,tortor duis mattis egestas metus,16.43,3589888573644581
Brassicaceae,49349-681,orci nullam molestie nibh in lectus pellentesque,15.44,3575993224908165
Apocynaceae,66758-017,ut massa volutpat convallis morbi odio odio elementum eu interdum,2.99,5602253463896456433
Hydrophyllaceae,51079-193,ac nibh fusce lacus purus aliquet at,24.42,3580691133118099
Proteaceae,42507-381,accumsan tortor quis turpis sed ante vivamus,5.07,5602226105492997
Liliaceae,57613-009,varius ut blandit non interdum,18.79,4508108763738812
Polygonaceae,43269-685,elementum nullam varius nulla facilisi cras non velit nec nisi,27.52,3581042716255610
Caprifoliaceae,50730-1020,non ligula pellentesque ultrices phasellus id,13.0,3585111193031004
Cyperaceae,59723-546,pede ac diam cras pellentesque volutpat dui maecenas tristique,7.39,3566756466787808
Fabaceae,0904-5810,ante nulla justo aliquam quis turpis eget,21.93,337941488815332
Polemoniaceae,67405-435,nulla facilisi cras non velit nec nisi,21.33,5501280753149773
Pinaceae,0280-0223,interdum mauris ullamcorper purus sit amet nulla quisque,1.06,3534694704926467
Collemataceae,52544-967,duis mattis egestas metus aenean fermentum donec ut mauris,4.35,630439194945248868
Fabaceae,41190-459,blandit non interdum in ante vestibulum ante ipsum primis,22.98,3550220208570665
Brassicaceae,57520-0701,nisi nam ultrices libero non mattis,20.32,3540333475410839
Rutaceae,41167-0936,est quam pharetra magna ac consequat metus sapien ut,25.45,3546818904431400
Scrophulariaceae,43689-0003,nulla tellus in sagittis dui vel nisl duis,3.3,3582211715637818
Asclepiadaceae,54458-904,dolor vel est donec odio justo sollicitudin,19.25,3563855113160071
Cyperaceae,55298-013,venenatis tristique fusce congue diam id ornare imperdiet sapien urna,4.13,3548815465260853
Boraginaceae,55312-490,viverra eget congue eget semper rutrum nulla nunc purus phasellus,3.73,201574558145174
Poaceae,60867-105,amet nulla quisque arcu libero rutrum ac lobortis vel dapibus,12.22,3535966986358190
Nyctaginaceae,43063-119,congue vivamus metus arcu adipiscing molestie hendrerit,13.1,3537745778133740
Rosaceae,49348-471,vitae nisl aenean lectus pellentesque eget nunc donec quis orci,28.92,3548023615601783
Iridaceae,63739-376,augue aliquam erat volutpat in congue etiam justo etiam pretium,3.79,6333771734012612735
Asteraceae,30142-939,ultrices mattis odio donec vitae nisi nam,19.37,3554261129594331
Asteraceae,68276-005,nisl nunc nisl duis bibendum felis sed interdum venenatis,18.69,5602220072222354
Valerianaceae,36800-693,rutrum nulla nunc purus phasellus,10.48,3550286091501471
Campanulaceae,61919-535,tortor duis mattis egestas metus aenean,4.02,670921017619924475
Asteraceae,0603-7805,mus vivamus vestibulum sagittis sapien cum sociis natoque penatibus et,14.37,3528770506757637
Apiaceae,52125-533,quis justo maecenas rhoncus aliquam lacus morbi quis,25.94,4762178193791823
Chenopodiaceae,0904-6137,vestibulum ac est lacinia nisi venenatis tristique fusce congue diam,16.59,372301448663825
Cyperaceae,67296-0672,maecenas pulvinar lobortis est phasellus sit,18.26,30126897616634
Liliaceae,68151-3005,et magnis dis parturient montes nascetur ridiculus mus,25.55,30527300495955
Monotropaceae,0069-0970,tristique fusce congue diam id,29.48,30350064504684
Brassicaceae,0006-4837,purus eu magna vulputate luctus cum sociis natoque,23.76,337941710197871
Grammitidaceae,0006-9117,amet nunc viverra dapibus nulla suscipit ligula in lacus,19.75,6399955005368411
Fabaceae,59779-964,gravida sem praesent id massa id nisl venenatis lacinia,10.26,3568204495584563
Cyperaceae,51523-005,non mauris morbi non lectus aliquam sit,15.52,3587722609785559
Clusiaceae,57896-764,turpis a pede posuere nonummy integer non velit donec diam,4.12,5363390739300494
Myricaceae,0009-5178,sed tristique in tempus sit amet sem fusce consequat nulla,9.72,3561675258438559
Poaceae,58892-118,magna bibendum imperdiet nullam orci pede venenatis non sodales sed,13.84,3562408060619805
Boraginaceae,43857-0147,vel augue vestibulum ante ipsum primis in,9.31,6762435876830102809
Caryophyllaceae,0904-5881,laoreet ut rhoncus aliquet pulvinar sed,18.67,3586052819720928
Lamiaceae,67239-0207,ipsum ac tellus semper interdum mauris ullamcorper purus sit amet,8.41,4041590966704531
Chenopodiaceae,49589-103,ultrices phasellus id sapien in,25.7,4017954373858
Asteraceae,49999-030,accumsan felis ut at dolor quis odio,28.54,4041372404016863
Chenopodiaceae,59630-701,urna ut tellus nulla ut erat id mauris,14.84,3531915364256207
Rosaceae,58118-1516,cum sociis natoque penatibus et magnis dis parturient montes nascetur,10.05,5157448630228618
Orchidaceae,76394-3812,est congue elementum in hac habitasse platea dictumst morbi,2.39,3569285257500581
Fabaceae,46708-112,pretium quis lectus suspendisse potenti in eleifend quam a,27.72,630433689806744513
Poaceae,54157-105,aenean sit amet justo morbi ut odio cras mi pede,16.16,3545311744282101
Juncaceae,36987-2770,neque vestibulum eget vulputate ut ultrices,6.88,6709953761329466
Brassicaceae,63629-5311,lacus at velit vivamus vel,4.88,3553481976830148
Fabaceae,61442-323,morbi non lectus aliquam sit amet diam in magna,12.6,4017959692664188
Poaceae,0527-1326,justo pellentesque viverra pede ac diam cras pellentesque,29.98,4041590993889636
Opegraphaceae,49738-946,vivamus metus arcu adipiscing molestie hendrerit at vulputate,3.96,201589541214267
Pyrenulaceae,63354-372,justo morbi ut odio cras mi pede,12.96,3543609434928004
Boraginaceae,67544-655,rutrum nulla tellus in sagittis dui vel nisl duis ac,22.09,3528452062026893
Euphorbiaceae,51452-001,nulla facilisi cras non velit nec nisi vulputate nonummy,21.1,5599027850042093
Caryophyllaceae,49738-557,nec dui luctus rutrum nulla tellus in sagittis,22.23,3528525430245699
Violaceae,36987-1956,ultrices aliquet maecenas leo odio,10.26,201759007451543
Dicranaceae,0363-0008,pulvinar lobortis est phasellus sit amet erat nulla tempus vivamus,1.9,348886702402051
Lecanoraceae,42254-239,erat nulla tempus vivamus in felis eu sapien cursus,19.45,4041374352318
Hydrophyllaceae,68850-001,quis orci nullam molestie nibh in lectus pellentesque at nulla,14.32,3535467188928716
Brassicaceae,54838-572,vel augue vestibulum rutrum rutrum,29.86,3535386772096807
Poaceae,49304-0003,metus aenean fermentum donec ut mauris eget massa,15.24,3539574897130983
Meesiaceae,53808-0312,luctus cum sociis natoque penatibus,1.97,3532772227099822
Dioscoreaceae,0955-1037,eros viverra eget congue eget semper rutrum nulla,19.77,201626480494482
Brachytheciaceae,49781-071,quam turpis adipiscing lorem vitae,8.35,36004132069717
Liliaceae,57520-0031,quis turpis sed ante vivamus tortor duis,7.69,3528787847702338
Fabaceae,0093-2056,orci luctus et ultrices posuere cubilia,5.63,337941027317907
Sterculiaceae,65923-151,posuere felis sed lacus morbi sem mauris laoreet ut rhoncus,8.09,4844634101006227
Passifloraceae,68084-184,gravida sem praesent id massa id nisl venenatis lacinia,27.67,201967376274582
Asteraceae,36987-2252,amet diam in magna bibendum imperdiet,25.97,3568923168569615
Capparaceae,0054-0551,dictumst morbi vestibulum velit id pretium iaculis,1.31,3563820180881272
Solanaceae,21695-600,tellus nulla ut erat id,20.24,4844839189672143
Iridaceae,53329-947,nisl ut volutpat sapien arcu,6.64,3575101332656524
Fabaceae,49349-530,enim sit amet nunc viverra,17.17,4913523787122356
Lamiaceae,0409-1903,ipsum primis in faucibus orci luctus et ultrices posuere,2.76,30256561076060
Commelinaceae,49349-889,at nulla suspendisse potenti cras,27.95,3533431401735540
Polemoniaceae,63304-822,nulla quisque arcu libero rutrum ac lobortis vel dapibus,12.23,4405578924018680
Rubiaceae,52389-606,quis augue luctus tincidunt nulla mollis molestie lorem quisque ut,29.99,5419810504813367
Euphorbiaceae,49999-115,id ornare imperdiet sapien urna,4.65,5048376867310713
Asteraceae,51393-7544,suspendisse accumsan tortor quis turpis sed ante vivamus,20.99,3562780446921174
Sphagnaceae,51670-100,nec molestie sed justo pellentesque viverra pede ac diam,2.08,67710893922191281
Polemoniaceae,0003-0249,ac enim in tempor turpis nec euismod scelerisque,27.12,676787250375986582
Dioscoreaceae,21695-468,molestie nibh in lectus pellentesque at nulla suspendisse potenti,22.57,3585984051558445
Asteraceae,0135-0524,quis turpis eget elit sodales,27.25,0604549873986773478
Chenopodiaceae,49349-447,est phasellus sit amet erat,15.83,4175006000195022
Rosaceae,76237-132,lacinia sapien quis libero nullam sit amet turpis elementum ligula,21.57,6709979431237862
Coniocybaceae,10424-143,nulla ut erat id mauris,5.06,3567758144361021
Rhizophoraceae,54868-6106,curae donec pharetra magna vestibulum aliquet ultrices erat,16.71,6709602670506942
Dryopteridaceae,0143-9994,ultrices mattis odio donec vitae nisi nam ultrices libero,12.95,3588292563131611
Brassicaceae,65923-181,cras in purus eu magna vulputate luctus cum,9.14,5354750285615812
Brassicaceae,0220-9062,ac est lacinia nisi venenatis,2.85,630469714518334499
Asteraceae,0019-1323,lectus pellentesque at nulla suspendisse potenti cras in purus,25.67,6333369014396698511
Fabaceae,55154-6245,dui vel nisl duis ac nibh fusce lacus purus,19.12,5010128114824291
Cyperaceae,98132-303,elementum eu interdum eu tincidunt in leo maecenas,7.94,201426441852278
Fabaceae,60793-435,in hac habitasse platea dictumst morbi vestibulum,13.23,3546116969848141
Asteraceae,48951-3165,iaculis diam erat fermentum justo nec condimentum neque sapien,25.24,3540548174152636
Onagraceae,43857-0180,habitasse platea dictumst aliquam augue quam sollicitudin vitae,20.09,5529374841703044
Caryophyllaceae,17478-327,augue luctus tincidunt nulla mollis molestie lorem quisque,11.29,3573525924791889
Boraginaceae,49999-222,urna pretium nisl ut volutpat sapien,5.21,374283697431476
Saxifragaceae,49349-694,ante nulla justo aliquam quis turpis eget elit sodales,6.96,3555954933915010
Rosaceae,64679-923,turpis sed ante vivamus tortor duis mattis egestas metus aenean,12.65,3534709397114831
Melastomataceae,44237-002,felis fusce posuere felis sed lacus morbi sem,16.1,5187770890798996
Myrtaceae,68306-109,erat volutpat in congue etiam,4.1,5100140196393633
Boraginaceae,50436-6357,at ipsum ac tellus semper interdum mauris ullamcorper purus sit,26.71,36050606209529
Poaceae,63187-107,suspendisse potenti in eleifend quam a odio in hac,10.89,3557924479571418
Dryopteridaceae,68421-5500,in hac habitasse platea dictumst aliquam augue,27.45,3552375969567470
Cactaceae,68258-6100,aenean lectus pellentesque eget nunc donec quis orci eget,15.34,3538164045594719
Boraginaceae,57520-0710,erat curabitur gravida nisi at nibh in hac habitasse platea,16.1,676233324434617510
Cyperaceae,21130-327,vel est donec odio justo,14.04,490392817138086000
Agyriaceae,55289-997,ligula suspendisse ornare consequat lectus in,16.19,3564695343394572
Cyperaceae,76472-1146,eros viverra eget congue eget semper rutrum nulla,25.06,3548024948661221
Collemataceae,0904-6342,at dolor quis odio consequat,17.99,3528994052147668
Fumariaceae,10237-901,pulvinar sed nisl nunc rhoncus dui vel sem,17.25,4175002375700330
Bacidiaceae,52685-344,et magnis dis parturient montes nascetur,7.05,374283368126207
Rosaceae,36987-1598,justo in blandit ultrices enim,23.3,5002358696006575
Myrtaceae,67345-0661,sed tristique in tempus sit amet sem,19.74,675926114364666957
Scrophulariaceae,60681-2809,eget semper rutrum nulla nunc purus phasellus in felis,14.42,374288586313776
Fabaceae,51655-125,quis orci eget orci vehicula,3.41,3534819411139365
Fabaceae,49349-301,sed interdum venenatis turpis enim,25.87,3542533973166027
Lecideaceae,55312-647,pharetra magna ac consequat metus sapien ut nunc,11.14,5100149344158749
Poaceae,54868-5741,venenatis turpis enim blandit mi in porttitor pede justo,8.57,30238702968207
Rosaceae,62756-538,dolor quis odio consequat varius integer,5.76,3558289130927766
Cactaceae,50795-1001,mauris vulputate elementum nullam varius nulla facilisi,7.73,3572781130263509
Rutaceae,33261-128,augue vestibulum rutrum rutrum neque,7.41,3529190446368396
Verbenaceae,55154-4959,massa id lobortis convallis tortor,4.44,3532927716068346
Ericaceae,50154-1060,orci luctus et ultrices posuere cubilia curae duis faucibus accumsan,23.96,3579307220824498
Juncaceae,15127-963,tellus nulla ut erat id mauris vulputate elementum,5.92,372301365913682
Bignoniaceae,56104-302,morbi quis tortor id nulla ultrices aliquet maecenas,7.46,3540248983531902
Rosaceae,11822-1403,in hac habitasse platea dictumst etiam faucibus cursus urna ut,6.89,3532768954721398
Campanulaceae,0363-3440,velit donec diam neque vestibulum,6.5,376272063798111
Rosaceae,67877-211,imperdiet nullam orci pede venenatis non sodales sed tincidunt,17.81,3582244334237702
Lamiaceae,0832-0513,odio justo sollicitudin ut suscipit,25.18,3547740427959320
Asteraceae,54859-512,eget tincidunt eget tempus vel pede morbi porttitor lorem,10.9,3579447941968263
Scrophulariaceae,68084-029,lectus pellentesque eget nunc donec quis,4.12,3565226469699112
Fabaceae,0472-1736,nulla mollis molestie lorem quisque ut,18.19,6771204472842001385
Poaceae,68084-412,blandit lacinia erat vestibulum sed magna,25.63,3528876706651742
Asteraceae,0615-7831,posuere cubilia curae nulla dapibus dolor vel est,9.3,3549120788863726
Asteraceae,63704-010,tincidunt nulla mollis molestie lorem quisque,12.67,6771863991546974
Lichinaceae,51141-0065,ridiculus mus etiam vel augue vestibulum rutrum rutrum,16.7,3551507012273307
Parmeliaceae,57520-1040,primis in faucibus orci luctus et ultrices posuere cubilia curae,29.73,5100143770827620
Lecideaceae,50730-1033,ut massa quis augue luctus tincidunt nulla mollis molestie,3.52,3531003197163922
Poaceae,75878-001,sem mauris laoreet ut rhoncus aliquet,29.01,3570679088506592
Fagaceae,63843-729,porttitor pede justo eu massa donec dapibus duis,21.69,67613172975158440
Asteraceae,21130-511,donec odio justo sollicitudin ut suscipit a feugiat et eros,8.38,5100147690935983
Arthoniaceae,0003-2327,in porttitor pede justo eu massa donec dapibus,25.21,5602221841215814946
Aristolochiaceae,55289-757,ante vivamus tortor duis mattis egestas metus aenean fermentum,2.24,3566715646141187
Pinaceae,24653-286,sapien quis libero nullam sit amet turpis elementum,14.63,5602257698162220502
Lamiaceae,11444-001,integer non velit donec diam neque vestibulum eget vulputate,6.21,3575472846595924
Rosaceae,44924-119,dictumst morbi vestibulum velit id pretium,7.34,4917597152289194
Arthoniaceae,51285-443,vehicula condimentum curabitur in libero ut massa volutpat convallis morbi,8.99,5602214084399029
Commelinaceae,0115-2611,sed justo pellentesque viverra pede ac diam cras pellentesque,11.13,4508980108884802
Rubiaceae,55670-810,sit amet erat nulla tempus vivamus,11.69,4026666363687930
Fabaceae,48951-7014,arcu sed augue aliquam erat volutpat in,19.55,6709955282845839
Rosaceae,63402-306,consectetuer eget rutrum at lorem integer tincidunt,13.89,5341221402759442
Scrophulariaceae,67046-532,ipsum dolor sit amet consectetuer adipiscing elit,23.22,5018612796349232
Aceraceae,21749-150,sollicitudin vitae consectetuer eget rutrum at,8.13,3568364316147907
Asteraceae,58411-101,laoreet ut rhoncus aliquet pulvinar sed nisl nunc,13.51,30576898896447
Orchidaceae,37000-003,tellus semper interdum mauris ullamcorper purus sit amet nulla quisque,19.73,3532101960140934
Oleaceae,0378-7096,mattis nibh ligula nec sem duis aliquam,19.59,3576386611561300
Cladoniaceae,41163-401,accumsan tellus nisi eu orci mauris lacinia sapien,11.12,5048374861634089
Salicaceae,17478-069,eget massa tempor convallis nulla neque libero convallis eget,13.73,58931975083116793
Rosaceae,0404-3416,justo sit amet sapien dignissim vestibulum,4.44,490372162324667881
Verrucariaceae,51672-3004,tincidunt ante vel ipsum praesent blandit lacinia erat vestibulum,10.65,3560254066777656
Rosaceae,36987-2895,platea dictumst aliquam augue quam sollicitudin vitae consectetuer eget,8.2,3584626495803629
Apocynaceae,35356-811,id sapien in sapien iaculis congue vivamus metus arcu adipiscing,10.48,201629963480218
Alismataceae,66780-210,in magna bibendum imperdiet nullam orci pede venenatis non sodales,13.92,3565158161779415
Juncaceae,55154-4986,erat vestibulum sed magna at nunc commodo,19.1,3586592710250186
Polemoniaceae,0093-7380,faucibus accumsan odio curabitur convallis duis consequat dui,14.03,30058532819416
Poaceae,68026-501,nisl aenean lectus pellentesque eget nunc donec,13.23,3554026300525697
Brassicaceae,30142-602,lacinia nisi venenatis tristique fusce,24.24,3581214527040933
Peltigeraceae,49738-498,metus arcu adipiscing molestie hendrerit at vulputate,2.91,3538697659142259
Phytolaccaceae,0378-5513,amet erat nulla tempus vivamus in,10.69,4917642108656607
Onagraceae,52125-521,mi nulla ac enim in tempor turpis nec,3.86,4508593099510375
Portulacaceae,36987-2301,a ipsum integer a nibh in quis justo maecenas rhoncus,19.01,4017955894944
Scrophulariaceae,68788-9089,massa tempor convallis nulla neque libero,2.37,4017951820843792
Convolvulaceae,49035-700,ultrices posuere cubilia curae donec pharetra magna vestibulum,9.43,4026067957087811
Poaceae,69139-102,eget nunc donec quis orci eget orci vehicula,17.38,670978864840563776
Asteraceae,63304-173,faucibus cursus urna ut tellus nulla ut,7.51,3558791659562189
Fabaceae,62654-145,magna bibendum imperdiet nullam orci pede venenatis non sodales sed,26.48,5610316371435711
Arthopyreniaceae,49348-811,aenean lectus pellentesque eget nunc donec,12.24,3579975043736493
Brassicaceae,64942-1304,vivamus vestibulum sagittis sapien cum sociis natoque,25.13,3566536356748437
Liliaceae,59762-0009,orci luctus et ultrices posuere cubilia curae nulla dapibus dolor,29.47,5610803923688921
Lamiaceae,0469-0687,tempor turpis nec euismod scelerisque quam turpis adipiscing lorem vitae,12.54,201469187797828
Rosaceae,66365-001,nulla ac enim in tempor turpis nec euismod scelerisque quam,20.51,564182115635749725
Ericaceae,63354-028,ante vel ipsum praesent blandit lacinia erat vestibulum,21.8,3541072306696922
Boraginaceae,51079-103,parturient montes nascetur ridiculus mus vivamus vestibulum sagittis,26.56,201837817105408
Vitaceae,0032-3016,dictumst etiam faucibus cursus urna ut tellus nulla ut,26.79,3546253413438169
Asteraceae,0603-2958,eros elementum pellentesque quisque porta volutpat erat quisque erat,7.49,56022541400254099
Urticaceae,68084-527,cum sociis natoque penatibus et magnis dis parturient,14.67,3576947572916534
Dryopteridaceae,69255-020,sapien dignissim vestibulum vestibulum ante ipsum primis in faucibus,19.92,3580691666984479
Cyperaceae,63029-501,vitae nisl aenean lectus pellentesque eget nunc donec,12.53,67623517864751697
Fagaceae,49967-516,morbi quis tortor id nulla ultrices aliquet maecenas,15.44,3556670151731348
Asteraceae,59779-188,orci vehicula condimentum curabitur in libero,27.33,4303416252785
Crassulaceae,68745-1047,ac enim in tempor turpis nec euismod scelerisque quam turpis,15.96,3553694285453440
Asteraceae,49483-340,cras pellentesque volutpat dui maecenas tristique,20.24,3584812598395503
Sarraceniaceae,36987-1669,nec euismod scelerisque quam turpis,18.45,3537988914449329
Hydrangeaceae,64679-907,nulla ultrices aliquet maecenas leo odio condimentum id,17.15,3547285150100825
Rosaceae,52124-0007,vivamus vestibulum sagittis sapien cum sociis natoque,4.24,5460795582342074
Poaceae,58892-318,quis odio consequat varius integer ac leo,28.07,6767464708270794238
Primulaceae,0115-4411,donec vitae nisi nam ultrices,20.82,5108753475836650
Arecaceae,0054-0109,eget massa tempor convallis nulla neque libero,15.28,3558289421206177
Polemoniaceae,0944-4351,rhoncus aliquam lacus morbi quis tortor id nulla ultrices,27.77,4917449352928751
Apiaceae,50227-0521,lectus in est risus auctor sed tristique in tempus sit,28.46,3565720239221686
Brassicaceae,52125-166,integer non velit donec diam,4.51,67593831296825268
Brassicaceae,54575-974,ultrices posuere cubilia curae mauris viverra,5.49,3577352190609398
Rhamnaceae,50066-161,quis orci eget orci vehicula condimentum curabitur,19.18,3564465541189806
Papaveraceae,52125-688,nulla ac enim in tempor turpis,5.61,3547156044980740
Ramalinaceae,44206-451,orci nullam molestie nibh in lectus pellentesque at nulla suspendisse,3.64,4508940246762310
Araliaceae,58118-1170,neque sapien placerat ante nulla justo,17.07,6385305804761273
Nyctaginaceae,53645-1141,id luctus nec molestie sed justo pellentesque viverra,21.28,3567667495583861
Ptychomitriaceae,65342-1002,varius nulla facilisi cras non velit nec,7.31,30075195281312
Liliaceae,0597-0016,mauris eget massa tempor convallis nulla,10.4,30189260098426
Rosaceae,68462-126,nulla dapibus dolor vel est donec odio,8.82,3565028641164209
Brassicaceae,21130-254,tincidunt in leo maecenas pulvinar lobortis,12.22,3557489723808750
Liliaceae,52118-001,morbi porttitor lorem id ligula suspendisse ornare consequat,6.75,201683888374055
Crassulaceae,0591-2102,ac nulla sed vel enim sit amet nunc,2.14,3546548583818466
Celastraceae,52125-086,scelerisque mauris sit amet eros suspendisse,10.46,30106462092536
Lamiaceae,13925-171,et ultrices posuere cubilia curae duis,10.39,5602243461218858
Fabaceae,62257-544,semper est quam pharetra magna,7.65,30508987953052
Euphorbiaceae,11822-0580,ut massa volutpat convallis morbi odio,3.69,201575828169175
Iridaceae,54575-456,nam nulla integer pede justo lacinia eget tincidunt,22.67,5038903260892327704
Caryophyllaceae,59762-6691,facilisi cras non velit nec nisi vulputate nonummy maecenas tincidunt,1.52,6372155549234234
Lecanoraceae,58118-0512,curae mauris viverra diam vitae quam suspendisse potenti nullam,17.09,5602238736451540
Amblystegiaceae,11084-533,fermentum justo nec condimentum neque sapien placerat ante nulla,23.92,3552017433743705
Apiaceae,53489-150,vel nulla eget eros elementum pellentesque,24.24,676226844462301397
Caryophyllaceae,43742-0199,rhoncus aliquam lacus morbi quis,22.0,6376389472018233
Boraginaceae,33261-170,lacus at turpis donec posuere metus,16.39,5504373153611828
Polygonaceae,49349-883,mi sit amet lobortis sapien sapien non mi,10.49,3549521754608609
Fabaceae,51672-1273,nunc viverra dapibus nulla suscipit ligula in lacus,16.15,3588696907404676
Asteraceae,61543-7224,vestibulum ante ipsum primis in faucibus orci,6.16,676254078083561528
Aspleniaceae,50462-110,condimentum neque sapien placerat ante,10.91,201850022555028
Malpighiaceae,0781-5817,aenean sit amet justo morbi ut,14.29,3569350196768671
Cyperaceae,43742-0418,nunc commodo placerat praesent blandit,22.48,3587647495522701
Lichinaceae,63629-4383,in blandit ultrices enim lorem,21.19,58937131676508541
Fabaceae,55154-3482,nunc rhoncus dui vel sem sed sagittis,18.12,3531462262967791
Asteraceae,54868-0846,velit nec nisi vulputate nonummy maecenas tincidunt,15.07,5579488103367204
Fabaceae,11523-7283,sagittis dui vel nisl duis ac nibh fusce lacus purus,9.64,201914906873350
Sarraceniaceae,43742-0489,a ipsum integer a nibh in quis justo maecenas,6.13,3548357182440674
Ericaceae,0603-2433,morbi vestibulum velit id pretium iaculis diam erat fermentum,16.3,201450013858794
Asteraceae,35356-986,dolor sit amet consectetuer adipiscing elit proin interdum,5.16,30063587994395
Liliaceae,36987-1758,posuere cubilia curae donec pharetra magna vestibulum aliquet,13.31,4405654341274584
Saxifragaceae,45156-5605,sit amet consectetuer adipiscing elit proin interdum mauris non ligula,13.54,5048379955869780
Lamiaceae,43742-0184,suspendisse accumsan tortor quis turpis,2.5,3563572644437775
Hymenophyllaceae,0363-0635,at velit vivamus vel nulla eget eros elementum,13.41,491132739361279099
Ranunculaceae,54575-463,vestibulum ac est lacinia nisi venenatis,16.78,4936322789458311
Parmeliaceae,65044-4352,pharetra magna vestibulum aliquet ultrices erat,12.96,4041378789065110
Orchidaceae,63629-3166,orci luctus et ultrices posuere cubilia curae mauris viverra,20.13,3563843314146784
Amaranthaceae,48951-4015,amet diam in magna bibendum imperdiet nullam orci,21.72,3561505428557758
Euphorbiaceae,0113-0578,nam dui proin leo odio porttitor,27.48,503872027122276653
Porpidiaceae,50795-3001,porta volutpat quam pede lobortis ligula sit,17.47,3543764094199089
Pteridaceae,64720-237,suspendisse potenti nullam porttitor lacus at turpis donec,9.57,493621430492506675
Asteraceae,49967-641,amet consectetuer adipiscing elit proin risus praesent lectus,23.68,3581321763831857
Poaceae,21695-559,turpis nec euismod scelerisque quam turpis adipiscing lorem,15.7,4936324044763783733
Lecideaceae,76439-325,libero nullam sit amet turpis elementum ligula vehicula consequat morbi,30.0,3562693248072767
Solanaceae,55910-413,metus vitae ipsum aliquam non mauris morbi non,26.48,3589386307805396
Asteraceae,49288-0211,lacus at turpis donec posuere metus vitae ipsum aliquam non,13.36,3541358538089402
Lamiaceae,10348-004,ipsum integer a nibh in quis justo maecenas rhoncus aliquam,24.62,3550048932022327
Orchidaceae,37808-288,platea dictumst morbi vestibulum velit id pretium iaculis diam,29.38,5007664010137219
Fabaceae,60681-0901,in purus eu magna vulputate luctus cum sociis natoque penatibus,3.71,5007660575166577
Asteraceae,55910-721,curabitur gravida nisi at nibh in hac habitasse,6.1,6763724143032782963
Ranunculaceae,58118-0301,orci luctus et ultrices posuere,13.77,4905277612590118463
Hydrangeaceae,55154-9613,consectetuer adipiscing elit proin risus praesent lectus,20.09,5602236400557634
Fagaceae,49158-500,ante ipsum primis in faucibus,15.78,30409470579209
Ranunculaceae,68180-469,at turpis donec posuere metus vitae ipsum aliquam non mauris,25.44,30242700183942
Oedipodiaceae,59779-982,luctus ultricies eu nibh quisque id,16.39,3588552058462411
Fabaceae,58118-6149,nec dui luctus rutrum nulla tellus in,12.41,3537372772501408
Rutaceae,66129-020,libero ut massa volutpat convallis morbi odio,22.83,3529050650380539
Staphyleaceae,59886-350,morbi ut odio cras mi pede malesuada,12.5,3561850683201183
Malvaceae,24477-324,tellus semper interdum mauris ullamcorper purus sit amet nulla,9.6,201514257131356
Cyperaceae,66715-9707,convallis nulla neque libero convallis eget eleifend luctus ultricies,17.31,30078221407141
Poaceae,47593-410,libero nullam sit amet turpis elementum ligula vehicula consequat morbi,10.97,50383303544757305
Cistaceae,63940-541,faucibus cursus urna ut tellus nulla ut,5.62,30517226902747
Grimmiaceae,64159-6010,ac diam cras pellentesque volutpat dui maecenas tristique est,19.91,5048373682900521
Polemoniaceae,55111-122,ante nulla justo aliquam quis turpis eget elit sodales scelerisque,23.14,3551319126682773
Caryophyllaceae,62670-4834,sed tristique in tempus sit,27.9,3574707604888511
Gypsoplaceae,51672-4030,malesuada in imperdiet et commodo vulputate,2.25,3577719356714610
Chenopodiaceae,52125-395,ante vel ipsum praesent blandit lacinia erat vestibulum sed magna,26.91,5048372983798964
Asteraceae,49348-819,ut erat id mauris vulputate elementum nullam varius,12.37,3528244689899681
Asteraceae,0037-8140,in lectus pellentesque at nulla suspendisse,11.75,5100172288453959
Fabaceae,36800-109,semper interdum mauris ullamcorper purus sit amet nulla quisque arcu,25.91,3571396954024993
Liliaceae,0186-4020,in lacus curabitur at ipsum ac tellus,17.19,3547697327096415
Loganiaceae,24488-005,placerat praesent blandit nam nulla integer pede,5.91,3544980666117965
Zingiberaceae,49349-739,primis in faucibus orci luctus et ultrices,13.36,6398863771174875
Oleaceae,37205-381,consectetuer adipiscing elit proin interdum mauris non,28.57,561060525865395945
Liliaceae,63629-1467,proin leo odio porttitor id,24.38,5602229922869405
Fabaceae,0591-0241,ante ipsum primis in faucibus orci,26.64,374622972525439
Araceae,63629-4978,aliquet ultrices erat tortor sollicitudin mi sit amet,24.93,30012891333675
Asclepiadaceae,68196-809,nisi vulputate nonummy maecenas tincidunt,21.44,58931226450813970
Poaceae,0409-0996,primis in faucibus orci luctus,17.3,3539750089978179
Lamiaceae,0409-1752,diam nam tristique tortor eu,29.17,676181984227893909
Rosaceae,50988-287,vivamus tortor duis mattis egestas metus,15.33,3588743610355470
Acanthaceae,55714-4539,aliquet at feugiat non pretium quis,14.31,4844879351790224
Encalyptaceae,67938-0906,ac est lacinia nisi venenatis tristique fusce congue,8.99,4017956961890
Thrombiaceae,62011-0087,cubilia curae nulla dapibus dolor,19.23,6333291074330401227
Sapindaceae,60512-6476,phasellus sit amet erat nulla tempus vivamus in,1.03,3568217385339682
Rubiaceae,43742-0134,pede justo eu massa donec,4.09,3530976823613280
Juncaceae,49349-842,posuere cubilia curae nulla dapibus dolor vel est donec,24.95,5430897274500352
Loasaceae,51386-703,interdum eu tincidunt in leo maecenas pulvinar lobortis est phasellus,16.04,5108753892890801
Leitneriaceae,41167-0600,lacus morbi sem mauris laoreet ut rhoncus aliquet,4.94,3579394230319750
Asteraceae,36987-1540,viverra pede ac diam cras pellentesque volutpat dui maecenas,26.59,6709946971871301
Poaceae,21695-973,semper porta volutpat quam pede lobortis ligula sit amet eleifend,29.65,6304164791897333452
Asteraceae,63187-050,vehicula condimentum curabitur in libero ut massa,7.67,3575683212762159
Bruchiaceae,49288-0335,quis orci nullam molestie nibh in lectus pellentesque at nulla,4.53,3577663652357718
Oleaceae,41163-291,justo lacinia eget tincidunt eget,3.04,630486579640354486
Malvaceae,43386-161,posuere cubilia curae mauris viverra,9.91,3583784397228048
Brassicaceae,52125-849,sed nisl nunc rhoncus dui vel sem,14.74,3544834802246016
Physciaceae,58593-265,pede ac diam cras pellentesque volutpat dui maecenas,5.26,3586940362268289
Melastomataceae,66336-945,vivamus vestibulum sagittis sapien cum,4.76,5602248971448713
Asteraceae,42217-200,proin risus praesent lectus vestibulum quam sapien,12.25,6371290191562813
Polygonaceae,41167-4002,accumsan tellus nisi eu orci mauris,27.05,372301884628399
Verbenaceae,55154-4754,a ipsum integer a nibh in quis,1.33,30024497304901
Polypodiaceae,36987-2864,turpis adipiscing lorem vitae mattis,11.5,3564773251140590
Poaceae,63739-283,volutpat in congue etiam justo etiam pretium iaculis justo in,2.57,06048340490604650
Poaceae,54868-5499,justo etiam pretium iaculis justo in,12.55,4041372031618214
Rosaceae,55910-369,faucibus orci luctus et ultrices posuere cubilia curae mauris,25.82,5602257969528840
Fabaceae,66336-233,felis ut at dolor quis odio consequat varius,29.95,5352006018964569
Lamiaceae,23155-228,ut nulla sed accumsan felis ut at dolor,26.41,6706528223070135436
Polemoniaceae,53808-0344,fusce congue diam id ornare imperdiet sapien urna pretium,8.1,3582552716870530
Cyperaceae,68084-311,mus etiam vel augue vestibulum rutrum,4.24,3561130916110901
Saxifragaceae,42507-480,nulla facilisi cras non velit nec nisi vulputate nonummy maecenas,15.98,3571769719738778
Cyperaceae,64117-968,curabitur gravida nisi at nibh in,14.24,3531607839201468
Ericaceae,37808-144,donec ut dolor morbi vel,8.79,560221922984604240
Costaceae,49643-115,ac tellus semper interdum mauris ullamcorper purus sit amet nulla,8.51,5641820593131373
Cyperaceae,41499-106,odio cras mi pede malesuada in imperdiet et,4.01,4911966585454202
Poaceae,0268-0038,volutpat quam pede lobortis ligula sit amet eleifend,9.31,6762405327855348
Acarosporaceae,55312-461,vulputate elementum nullam varius nulla facilisi cras non velit,14.33,375481377902290
Fabaceae,51655-501,dolor sit amet consectetuer adipiscing elit,2.48,3542337672548042
Commelinaceae,66715-9737,habitasse platea dictumst maecenas ut massa quis augue luctus tincidunt,22.59,6759296652514326780
Asteraceae,0049-3190,in eleifend quam a odio in,18.64,670946409382902740
Agavaceae,59762-1005,nisi venenatis tristique fusce congue diam id ornare,6.34,5602253187351297
Polygonaceae,0185-4346,nulla integer pede justo lacinia eget tincidunt eget tempus,22.83,5602211708049873
Pyrolaceae,64616-087,dictumst morbi vestibulum velit id,4.28,3549737759513194
Chenopodiaceae,68084-226,in tempor turpis nec euismod scelerisque quam turpis adipiscing lorem,26.28,4903870054627712
Iridaceae,46017-020,tellus in sagittis dui vel nisl duis,6.99,67629452631681338
Asteraceae,52125-654,nec dui luctus rutrum nulla tellus in,19.92,3566893816610560
Hydrophyllaceae,65649-552,in tempor turpis nec euismod scelerisque quam turpis adipiscing,5.57,4041379444858113
Lythraceae,52862-003,pharetra magna vestibulum aliquet ultrices erat,14.45,501806779317704601
Cactaceae,59779-154,ipsum integer a nibh in quis justo maecenas rhoncus aliquam,23.54,3564974310737513
Rubiaceae,61442-363,ultrices phasellus id sapien in sapien iaculis congue,5.3,4777338406373
Geraniaceae,54092-701,habitasse platea dictumst morbi vestibulum velit id pretium iaculis diam,1.84,560222936614838332
Graphidaceae,36987-1748,quam fringilla rhoncus mauris enim,7.96,3569806474934269
Iridaceae,49288-0688,venenatis lacinia aenean sit amet justo morbi ut odio cras,14.37,374622859196072
Onagraceae,68016-500,eu tincidunt in leo maecenas pulvinar lobortis est phasellus sit,19.99,5602216804518226
Liliaceae,51811-368,ut volutpat sapien arcu sed augue aliquam erat volutpat in,22.9,3528896608409098
Cupressaceae,0517-7210,tortor risus dapibus augue vel accumsan tellus nisi,23.54,3556760306119562
Juncaginaceae,44117-0002,rutrum rutrum neque aenean auctor gravida sem praesent id massa,6.63,6304175170735407496
Asteraceae,24385-135,nisl duis bibendum felis sed interdum venenatis turpis,12.9,3579663543387104
Brassicaceae,0074-8110,vivamus metus arcu adipiscing molestie hendrerit at,27.43,6767276506936687
Fabaceae,0363-0104,eleifend pede libero quis orci nullam molestie nibh in,19.13,3574381987445305
Asteraceae,49349-635,aliquam erat volutpat in congue etiam justo etiam pretium iaculis,14.31,4903558024521517
Asteraceae,55312-926,lorem quisque ut erat curabitur gravida nisi at nibh in,2.89,3548554544270464
Asteraceae,18860-342,quis libero nullam sit amet turpis elementum ligula vehicula consequat,11.82,5329681970110680
Polygonaceae,41250-944,at vulputate vitae nisl aenean,29.4,6763752751219939811
Asteraceae,57520-0923,eget orci vehicula condimentum curabitur in,19.64,3585613328151854
Dennstaedtiaceae,68788-9514,vel augue vestibulum rutrum rutrum neque,10.89,5007668266110473
Cupressaceae,76349-002,sapien varius ut blandit non interdum,3.62,4041594425613
Meliaceae,46123-024,integer a nibh in quis,11.6,676259410266265632
Chenopodiaceae,55714-2256,odio donec vitae nisi nam ultrices libero non,26.61,3537796123933581
Scrophulariaceae,63629-4901,praesent blandit nam nulla integer pede justo lacinia eget,11.86,5100173856629376
Asteraceae,41163-089,ut at dolor quis odio consequat varius integer,29.79,3551945584936747
Chenopodiaceae,54458-995,ligula in lacus curabitur at ipsum ac,1.11,0604853847247902969
Asteraceae,0268-1081,tortor duis mattis egestas metus aenean fermentum donec,13.2,3535119547539292
Myrtaceae,36987-2253,sodales sed tincidunt eu felis fusce posuere felis sed,28.15,5602231754117408
Gentianaceae,13537-013,eu mi nulla ac enim in,21.35,589396276023148414
Solanaceae,43742-0179,nec molestie sed justo pellentesque viverra,24.69,3532815585875778
Solanaceae,52380-1721,tortor duis mattis egestas metus aenean fermentum,20.24,5602239895077761
Poaceae,54868-1691,viverra pede ac diam cras pellentesque,29.29,5610139501770917179
Malvaceae,51009-120,aliquam non mauris morbi non lectus aliquam sit amet diam,16.85,3541926323677159
Arecaceae,37808-015,pede venenatis non sodales sed tincidunt eu,8.76,3553052926094836
Apiaceae,0093-7393,non velit nec nisi vulputate,21.92,3566018412430078
Mycocaliciaceae,42221-0006,ut nulla sed accumsan felis,9.57,5362987008728551
Liliaceae,49035-375,ligula pellentesque ultrices phasellus id sapien in,21.78,6762514896949957814
Asteraceae,49817-0048,libero rutrum ac lobortis vel dapibus at,27.12,5447703464055424
Poaceae,21695-072,semper rutrum nulla nunc purus phasellus,21.82,5007668806168775
Sematophyllaceae,63187-045,odio cras mi pede malesuada,24.6,344445475420966
Aquifoliaceae,42546-518,donec semper sapien a libero nam dui proin,20.76,3542517741962585
Rubiaceae,68462-563,leo pellentesque ultrices mattis odio donec vitae,16.84,3543978582453069
Euphorbiaceae,65649-303,nunc proin at turpis a pede posuere nonummy,10.66,3571444042401672
Ceratophyllaceae,55319-255,curabitur at ipsum ac tellus,23.77,4905996308972515208
Rutaceae,0037-6820,justo morbi ut odio cras mi pede malesuada,19.81,633499794571283567
Dioscoreaceae,47682-158,pellentesque ultrices mattis odio donec vitae,6.92,3556106147137670
Cactaceae,43857-0222,volutpat eleifend donec ut dolor morbi vel lectus in quam,19.19,3589274076831647
Scrophulariaceae,21749-525,id mauris vulputate elementum nullam,6.5,5100172273862792
Liliaceae,49349-591,accumsan tellus nisi eu orci mauris,11.94,374288643256935
Asteraceae,54118-7993,nullam porttitor lacus at turpis donec,7.19,3561760160643528
Brassicaceae,61924-234,justo lacinia eget tincidunt eget,3.09,5100135303742987
Rosaceae,52257-1220,ac lobortis vel dapibus at,12.96,3547803346857973
Malvaceae,52125-383,suspendisse potenti in eleifend quam,7.91,5100171142927166
Asteraceae,0121-0527,vulputate luctus cum sociis natoque penatibus et magnis dis,6.75,3528822771675968
Saxifragaceae,62742-4046,integer non velit donec diam neque,29.0,3541568865694745
Brassicaceae,51672-1318,maecenas tincidunt lacus at velit,24.4,3553322865712072
Fabaceae,52773-243,suscipit nulla elit ac nulla sed vel enim sit amet,26.89,3549911892149055
Cyperaceae,36987-2731,ut mauris eget massa tempor convallis nulla,19.5,501833532243208560
Capparaceae,52959-689,in purus eu magna vulputate luctus,17.33,3568279126244480
Dryopteridaceae,57955-7304,ac nibh fusce lacus purus aliquet at,21.78,3556384606157287
Fabaceae,59779-836,at nunc commodo placerat praesent blandit nam nulla integer pede,15.35,3533029253873052
Poaceae,68788-9168,quis turpis eget elit sodales scelerisque mauris sit,29.77,3567255539780378
Iridaceae,41250-763,lacus morbi sem mauris laoreet ut rhoncus aliquet pulvinar,8.65,3538553385070209
Ranunculaceae,63323-355,a suscipit nulla elit ac,22.21,3544752136323923
Brassicaceae,68745-2001,diam cras pellentesque volutpat dui maecenas tristique est et tempus,7.02,372301653810277
Fabaceae,0615-4515,a suscipit nulla elit ac,10.28,3548023267603632
Lecanoraceae,0168-0059,sollicitudin ut suscipit a feugiat et eros vestibulum ac,9.49,5124364575190913
Ranunculaceae,55154-4946,nullam orci pede venenatis non sodales sed,20.11,633110834283383328
Fabaceae,41520-527,libero ut massa volutpat convallis morbi,4.21,3581524205857147
Rosaceae,0310-0132,nulla sed accumsan felis ut at dolor quis,28.1,3529180297461226
Scrophulariaceae,0093-7295,aliquet massa id lobortis convallis,3.25,3585379086120313
Orthotrichaceae,0363-1298,non velit nec nisi vulputate nonummy maecenas tincidunt,10.06,3554188180025659
Euphorbiaceae,58668-1103,sit amet consectetuer adipiscing elit proin risus,4.71,201674088837827
Dryopteridaceae,30142-890,sociis natoque penatibus et magnis dis parturient montes nascetur ridiculus,20.72,3568261684734516
Liliaceae,13913-003,elit proin interdum mauris non ligula,15.86,3564522473404841
Asclepiadaceae,63981-194,quis lectus suspendisse potenti in,8.17,5168509826424514
Ephemeraceae,57665-101,neque duis bibendum morbi non quam,20.84,3563539112542543
Marantaceae,50419-325,cursus id turpis integer aliquet massa id lobortis,17.8,4508960136148677
Pottiaceae,0904-6069,eu interdum eu tincidunt in leo maecenas pulvinar lobortis est,15.9,201996164031896
Caryophyllaceae,59779-097,quis lectus suspendisse potenti in eleifend quam a,7.87,3565462190945652
Convolvulaceae,67386-820,ac est lacinia nisi venenatis tristique fusce congue,3.24,3560467164558394
Fabaceae,66424-030,eleifend luctus ultricies eu nibh quisque id justo,20.23,50205672616161760
Fabaceae,52731-7027,eu felis fusce posuere felis sed lacus morbi sem,4.0,3548321819060933
Euphorbiaceae,0527-1353,fusce lacus purus aliquet at feugiat,23.04,3588783046057894
Parmeliaceae,50458-350,tortor risus dapibus augue vel accumsan tellus nisi eu,15.33,491152165374107553
Malvaceae,0168-0267,penatibus et magnis dis parturient montes nascetur ridiculus mus,18.74,30193341402763
Dioscoreaceae,76466-010,natoque penatibus et magnis dis,28.45,201715008150930
Boraginaceae,0641-6036,diam cras pellentesque volutpat dui,21.13,3568421161428855
Campanulaceae,68788-9698,lorem quisque ut erat curabitur gravida nisi at nibh,20.62,3547949134824111
Bryaceae,72036-220,in hac habitasse platea dictumst aliquam augue quam sollicitudin,13.74,5010124557001927
Physciaceae,25000-117,commodo placerat praesent blandit nam,23.78,5219282417968906
Cyperaceae,10889-201,vulputate elementum nullam varius nulla facilisi cras non,6.61,3580724534895310
Asteraceae,0095-0086,id ligula suspendisse ornare consequat lectus in est risus,5.58,6706186279087309
Bryaceae,49349-114,at velit eu est congue elementum,15.53,201915713876106
Primulaceae,65084-298,eleifend quam a odio in,16.89,67633840677058102
Iridaceae,62856-247,viverra eget congue eget semper rutrum,9.96,3532918903757916
Salicaceae,55111-664,id ligula suspendisse ornare consequat lectus in est risus auctor,5.37,36899496652069
Polemoniaceae,55648-982,mauris vulputate elementum nullam varius nulla,17.18,3542247585999630
Onagraceae,53808-0723,pellentesque ultrices phasellus id sapien in sapien,22.47,30483643276464
Parmeliaceae,59779-900,sit amet consectetuer adipiscing elit proin risus praesent lectus,7.71,3537644367952745
Pteridaceae,63304-794,ullamcorper purus sit amet nulla quisque,18.74,3556546311385573
Euphorbiaceae,54575-162,pretium iaculis justo in hac habitasse platea dictumst,29.86,3555314305685610
Caprifoliaceae,30142-923,consequat metus sapien ut nunc vestibulum ante ipsum primis,13.36,4041377773520833
Lamiaceae,59667-0053,id consequat in consequat ut,23.13,3565319046838574
Passifloraceae,55312-431,ultrices mattis odio donec vitae,21.55,501888862247468991
Acanthaceae,0268-6137,blandit non interdum in ante vestibulum ante ipsum primis in,28.21,3549363415162258
Asteraceae,54868-5980,justo aliquam quis turpis eget elit sodales scelerisque mauris,22.07,3571909306747663
Hypnaceae,66689-039,platea dictumst morbi vestibulum velit id,4.32,5424496361895003
Cannaceae,59863-325,pede venenatis non sodales sed tincidunt,23.66,6759217489957332
Cistaceae,60793-604,orci pede venenatis non sodales sed tincidunt eu felis fusce,7.18,6709396401597581
Caprifoliaceae,52125-542,vulputate luctus cum sociis natoque penatibus et,3.82,3582295601277680
Stictidaceae,52731-7001,amet diam in magna bibendum,10.62,3571440839432094
Asteraceae,52125-089,nisi eu orci mauris lacinia sapien quis libero nullam sit,16.53,3582491788088913
Parmeliaceae,48951-4014,convallis morbi odio odio elementum eu,28.54,3542878724212178
Solanaceae,65643-165,sed nisl nunc rhoncus dui vel sem sed,16.82,3561942229469695
Piperaceae,54569-1657,rhoncus mauris enim leo rhoncus sed vestibulum sit,15.99,3538705550258171
Ranunculaceae,68599-5306,et ultrices posuere cubilia curae duis faucibus accumsan odio curabitur,5.79,4041592282711885
Bryaceae,41163-272,nascetur ridiculus mus etiam vel,24.59,503803900156416755
Physciaceae,54868-6233,blandit lacinia erat vestibulum sed magna at nunc commodo,20.6,3564790829209566
Asteraceae,36987-2277,ipsum integer a nibh in quis,10.14,201814194239621
Poaceae,59958-200,massa quis augue luctus tincidunt nulla mollis molestie,16.47,3550113659777212
Fabaceae,0145-0630,nisi nam ultrices libero non mattis pulvinar nulla,22.9,3528228426464313
Melastomataceae,36987-1513,amet justo morbi ut odio cras mi pede malesuada in,10.19,30285376167491
Physciaceae,63874-295,turpis sed ante vivamus tortor,6.83,30305251794951
Caryophyllaceae,52125-370,lobortis est phasellus sit amet erat nulla tempus,10.79,3552179465236741
