Legg Mason Global Infrastructure ETF,3556119330586603,Eric Edgley
Haemonetics Corporation,30154640617519,Berty Jackling
Flaherty & Crumrine Preferred Securities Income Fund Inc,3561588822335310,Amalle Paunton
Orthofix International N.V.,201654289548142,Berti Warsap
Targa Resources Partners LP,630404372267749942,Gustie Gravener
"Endocyte, Inc.",5235474839252924,Perri Gilchrest
MSA Safety Incorporporated,201438669562273,Eziechiele Delgua
Apollo Senior Floating Rate Fund Inc.,6767153370617939491,Andie Haitlie
ClearBridge Dividend Strategy ESG ETF,3551596513902100,Edgard Verrillo
"Everbridge, Inc.",4405146612625834,Maridel Phair
PowerShares DWA Developed Markets Momentum Portfolio,3569644477962080,Aurelia Goodley
"Rennova Health, Inc.",633401005572789834,Rosalinde Thynne
"Gartner, Inc.",3587606485318587,Ardith Wieprecht
First Trust NASDAQ Technology Dividend Index Fund,3554156446143939,Gleda Mityushin
Stamps.com Inc.,5228379027898595,Rodolphe Skerritt
"Blackrock Debt Strategies Fund, Inc.",3550265320921544,Karoly Goodered
National Storage Affiliates Trust,5893801416013886,Dorita Gillet
ITT Inc.,3578524564716996,Brittni Limbourne
Regional Management Corp.,3532205042849394,Berkley Reye
"Stock Yards Bancorp, Inc.",4852728042615,Tiena Makin
"PrivateBancorp, Inc.",3567454360377228,Carlyn Sebrook
"US Ecology, Inc.",3572219302888159,Timofei Scotchmoor
Nuveen Texas Quality Municipal Income Fund,201976104427677,Ian McRuvie
Annaly Capital Management Inc,4405526435703,Nikolai Goshawk
Eagle Point Credit Company Inc.,3529205364870452,Aliza Conniam
Concho Resources Inc.,6389967602624270,Cyrillus Brosch
"Hostess Brands, Inc.",6384505967279598,Cicely Kulis
Materialise NV,633419962765709948,Ara Harland
"TCG BDC, Inc.",3541170494535736,Erda Sealy
The AES Corporation,3546903576155683,Sibley Eland
"American Capital Senior Floating, Ltd.",377265764898643,Feliza Matcham
"Atlas Financial Holdings, Inc.",50205242737020079,Erinn Manklow
"AutoZone, Inc.",5602214949321440,Kristoffer Jewsbury
Martin Midstream Partners L.P.,5108750336933270,Lou Raisher
"aTyr Pharma, Inc.",5402100171655435,Carleton Gowen
Accenture plc,6373130811597443,Rich De L'Isle
"TIER REIT, Inc.",633313820945716091,Maureen Stearn
"Manning & Napier, Inc.",3559896696035542,Delcina Peasee
Allegheny Technologies Incorporated,5020522596114132573,Ezekiel Stanluck
Apollo Senior Floating Rate Fund Inc.,5602245797121730,Ky Boorn
Horizon Technology Finance Corporation,3561978283306431,Phylys Downage
"New York Mortgage Trust, Inc.",5010129913158527,Tildy Fishe
"Boston Private Financial Holdings, Inc.",5010122088724215,Mariam Yellowlees
YY Inc.,6759619088547222532,Fowler Fooks
Athene Holding Ltd.,3529791691174148,Natale Drieu
"Laureate Education, Inc.",5602241151685568,Charmain Rushmer
"Simpson Manufacturing Company, Inc.",67098112080139624,Sharla Filan
Sherwin-Williams Company (The),6706823787527737,Rollie Ramsted
"Rocky Mountain Chocolate Factory, Inc.",6382368303111427,Steward Murdie
Xactly Corporation,201622940409053,Randee Venn
"Patrick Industries, Inc.",6371088793841563,Nanni Burtonwood
PowerShares DWA NASDAQ Momentum Portfolio,3575748381924946,Leonie Laste
Chicago Bridge & Iron Company N.V.,3536600189504446,Gallard Rustman
VALE S.A.,3572307143857895,Roobbie Meuse
"Jamba, Inc.",5137085912557770,Emiline Bagworth
"Twenty-First Century Fox, Inc.",3567353589789553,Hasheem Dobby
Ultralife Corporation,633383039235992990,Derril Trickett
Nielsen N.V.,5100137577908039,Gael Ebenezer
3D Systems Corporation,5451191631532330,Marisa Godwyn
National Energy Services Reunited Corp.,4913211789943215,Abram Bocking
"CAI International, Inc.",6334030071637608,Irvin Bolstridge
"Banc of California, Inc.",5020685446954471447,Hadria Fowgies
KKR Income Opportunities Fund,3575460407745251,Grover Buckell
"Asia Pacific Fund, Inc. (The)",4936823506681911,Yul Dumingos
CSI Compressco LP,6767996300911809521,Winslow Naldrett
"Synopsys, Inc.",4041373133867,Kimmy Brombell
Auris Medical Holding AG,337941734540353,Sally Courtin
"Organovo Holdings, Inc.",3564677127916168,Tammie Hannay
GasLog Partners LP,3586990939004782,Consuelo Romei
Gramercy Property Trust Inc.,3534449081872796,Skipton Grinyov
"WCF Bancorp, Inc.",3534897597491479,Laughton Decent
"Ormat Technologies, Inc.",6304274019039602,Eleni Castanie
"P & F Industries, Inc.",201479366057662,Wynnie Argo
"Walgreens Boots Alliance, Inc.",3539122842064178,Jeannette Sawood
"Pluristem Therapeutics, Inc.",4903847871580928,Tanny Moorton
"Methode Electronics, Inc.",5007663442958945,Marta Wasiel
"Oncobiologics, Inc.",30234499914678,Rudiger Nock
"Rave Restaurant Group, Inc.",3553793872746248,Brigitta Crosier
CABCO Series 2004-101 Trust,4175005258453463,Sara Crawforth
"Remark Holdings, Inc.",5464752181395173,Mariya Marshal
"Kindred Healthcare, Inc.",3581008114422441,Xever Andrzejak
VEREIT Inc.,374283952792604,Mead Springle
"Ares Dynamic Credit Allocation Fund, Inc.",3536372725680763,Drud Jozefowicz
"Akoustis Technologies, Inc.",5893205004483834,Feodor Caban
General Dynamics Corporation,3548352171019225,Delila Kynson
"Grupo Aeroportuario del Sureste, S.A. de C.V.",5007664902388367,Yank Ummfrey
"Del Frisco's Restaurant Group, Inc.",670935463689165033,Tris Amy
Genpact Limited,675944197427926177,Claribel Grishkov
"China Natural Resources, Inc.",3565118217990051,Drake Battersby
"Aimmune Therapeutics, Inc.",3588580405289823,Querida Hedney
Emclaire Financial Corp,5002354502130832,Currey Deverell
Sempra Energy,5516378724816091,Barnaby Kenford
PCSB Financial Corporation,5007665162629416,Florry Tessier
K12 Inc,3578658671342971,Bathsheba Jackalin
"Wayside Technology Group, Inc.",3545122266769619,Katharyn Stoffersen
iShares MSCI China ETF,3529820982587104,Dugald Boulton
Neogen Corporation,5010125620983694,Brenden Seargeant
"Jounce Therapeutics, Inc.",5472258820205070,Regen Clemow
"Truett-Hurst, Inc.",5641820179062893,Danell Quakley
"Manning & Napier, Inc.",4936924568287631857,Winn Mayoh
"Colony NorthStar, Inc.",3546493045175413,Wyatt Goldsworthy
Vornado Realty Trust,3570929678159066,Laraine Firmager
Syneron Medical Ltd.,6767787601322602279,Portia Rossiter
JM Global Holding Company,3558508187865425,Teresita Braunter
Bank of Commerce Holdings (CA),5100132313890120,Emmalee Gruczka
Turquoise Hill Resources Ltd.,3564136545252094,Kyle Whatman
JetPay Corporation,5602248372931101,Des Addie
Foamix Pharmaceuticals Ltd.,3571942965091008,Collen Smallthwaite
Patriot National Bancorp Inc.,564182799486090857,Yance Walls
Centrais Electricas Brasileiras S.A.- Eletrobras,5267586156727146,Caterina Styant
Kitov Pharmaceuticals Holdings Ltd.,3563672884672659,Gaultiero Nancekivell
"Dollar Tree, Inc.",3573468507498327,Pavlov Laverock
John Bean Technologies Corporation,337941910253045,Bobbie Morritt
Nuveen Floating Rate Income Opportuntiy Fund,3551959290549322,Vinny Dorricott
STRATS Trust,3557021770732292,Cozmo Kleinplatz
PowerShares DWA Momentum & Low Volatility Rotation Portfolio,5306483639899572,Artemas Aslett
Atossa Genetics Inc.,3542357426146349,Griz Vigrass
Gladstone Investment Corporation,3570536524916589,Sibel Guyton
"Floor & Decor Holdings, Inc.",3543270641353922,Cherye Semmence
AGCO Corporation,201939921782203,Marilee Wills
"Red Robin Gourmet Burgers, Inc.",201635039196779,Ernest Kinchlea
"Express, Inc.",3557758439248802,Cindee Alwin
"John B. Sanfilippo & Son, Inc.",3577534425486920,Vincents Heathcote
Zosano Pharma Corporation,3582079371007109,Allison Ritchie
J P Morgan Chase & Co,3552874210688689,Elle Robinet
Macro Bank Inc.,30389539701566,Dal Boxen
China Distance Education Holdings Limited,3568108103527452,Kasper Durward
Fomento Economico Mexicano S.A.B. de C.V.,3562790881001234,Norby Cossentine
"Hallmark Financial Services, Inc.",3557073311340804,Witty Purle
"Comfort Systems USA, Inc.",3534600678846334,Sue Cockshoot
"Endologix, Inc.",3588928588676268,Seamus Schule
"Clearfield, Inc.",6706534305043905,Nanni Reveley
Vodafone Group Plc,5519260546393839,Celinda Le Blond
"VeriSign, Inc.",30241692775830,Alexis Cargo
DISH Network Corporation,3582452338207064,Emmalee Postles
"Shiloh Industries, Inc.",5100144531085086,Anya Fourcade
Albemarle Corporation,5100148674381103,Steve Okenfold
"Alexandria Real Estate Equities, Inc.",4917787014654871,Rufus Roskell
"Goldman Sachs Group, Inc. (The)",5602245792699762733,Spencer Gillimgham
Ovid Therapeutics Inc.,3554029447236178,Alanah D'Cruze
Gabelli Multi-Media Trust Inc. (The),5002357589406983,Jillian Grundey
"Maximus, Inc.",30589837432729,Tedman Spinney
First Trust Japan AlphaDEX Fund,3533850829705522,Veronique Gallop
National Commerce Corporation,3573026213739952,Danica Ranner
"Alliance One International, Inc.",3564838428730795,Emmet Philippon
Enel Americas S.A.,5602224256535003,Janet Daines
"Veracyte, Inc.",3588567726032404,Erick Sehorsch
Amedisys Inc,4936172827071030620,Etty Oliphand
New Mountain Finance Corporation,6391799095603339,Nadia Flaxon
Numerex Corp.,6331104832757503580,Tomasine Dickman
"CoStar Group, Inc.",3567326154238743,Lynnet Mattia
"Xenith Bankshares, Inc.",5570350097285371,Ingunna Itzkov
Ares Capital Corporation,3574021473801435,Myriam Widdowson
Innocoll Holdings,5602222659186739,Woodie Lines
"Chunghwa Telecom Co., Ltd.",3566705095416644,Jesselyn Paley
Invesco Municipal Income Opportunities Trust,201807026863147,Gamaliel Espinos
Investors Real Estate Trust,5602248750612059,Doretta Munkley
"Tivity Health, Inc.",337941940986200,Rusty Shrawley
"Ringcentral, Inc.",3543114111684616,Naomi Rodders
Main Street Capital Corporation,343313339652763,Cully Emms
"Rand Logistics, Inc.",56108656830496974,Lorenza Foulsham
"Cleveland BioLabs, Inc.",3563577596422972,Gaspar Shiell
"TrovaGene, Inc.",3547111329452295,Yank Barthrop
"Crown Crafts, Inc.",633436592576285942,Hastie Palphreyman
Capital One Financial Corporation,201834965036659,Raina Catonne
LKQ Corporation,3536910017927820,Golda Roubeix
VCA Inc. ,374622902853372,Auguste Wigan
"MyoKardia, Inc.",337941636234212,Camilla Alliband
MSA Safety Incorporporated,4405359759020459,Rochella Upham
Mosaic Company (The),6709508504045827,Gerard Bugg
"Diplomat Pharmacy, Inc.",4903728110312986,Arie Gander
"Cyclacel Pharmaceuticals, Inc.",3584882296052607,Wash Bauser
New Home Company Inc. (The),5443684972536119,Foster Widdicombe
Intrexon Corporation,502010913891417179,Antonia Collibear
VEREIT Inc.,3533496061666061,Tuesday Bewlie
"Codexis, Inc.",3585588769408783,Maggee Foucar
NXT-ID Inc.,3573512852581250,Sancho Jindracek
Campbell Soup Company,337941277275029,Leland MacDonough
PowerShares DWA Momentum Portfolio,30103882391317,Augy Heiner
Consolidated Edison Inc,4041374038115,Joeann Esseby
Mid Penn Bancorp,3569816523124788,Graeme Morteo
Highland/iBoxx Senior Loan ETF,201424139297468,Scott Carillo
"Cogint, Inc.",633303763649574998,Glenna Evason
SteadyMed Ltd.,3534269059998633,Norina McKaile
Oasmia Pharmaceutical AB,30345760361587,Sascha Kidds
"Healthcare Services Group, Inc.",3579927540789335,Forster Swynfen
Yintech Investment Holdings Limited,4913842427283828,Saul Glozman
First Trust RiverFront Dynamic Developed International ETF,56104142855685191,Berget Ferruzzi
Cemtrex Inc.,3540728092362323,Bev Stockoe
First Trust Low Beta Income ETF,4026518682606218,Waly Lauridsen
Consolidated Water Co. Ltd.,4026662593335549,Freeland Seres
"AmTrust Financial Services, Inc.",3552392252127045,Lesley Arsnell
Navient Corporation,30291343580444,Chance Gagin
Woori Bank,6389571209310414,Randolf Orviss
"Verastem, Inc.",3570314932147142,Thorn Howel
Brandywine Realty Trust,30001461681670,Rennie Cristea
Western Asset Investment Grade Defined Opportunity Trust Inc.,3576030852254189,Kimberley Mankor
Formula Systems (1985) Ltd.,3536410729903664,Glynda Shevels
Lincoln National Corporation,3539223525716173,Manda Farnall
Alpha and Omega Semiconductor Limited,3586292825243040,Levey Beeston
"Tandy Leather Factory, Inc.",3563100978958537,Durward Riggey
"AnaptysBio, Inc.",3564171568580212,Chanda Ponceford
Proshares UltraPro Nasdaq Biotechnology,3572889255540633,Lory Charker
Modine Manufacturing Company,3569741616401432,Sioux Blaschek
"Spectra Energy Partners, LP",4936590715486184708,Leonore Bellany
"ClubCorp Holdings, Inc.",5100173086618140,Kelcey Broxup
Central Garden & Pet Company,3576151709431091,Marlo McChesney
"New York Community Bancorp, Inc.",3589715691306704,Trevar Flecknoe
"Mitcham Industries, Inc.",6390023244360993,Valentin Stollmeyer
Bank of America Corporation,3535948115713511,Claiborn Stoeck
Voya Emerging Markets High Income Dividend Equity Fund,5602229647948204434,Lothaire Rochford
iPath US Treasury 2-year Bear ETN,3548457881751437,Tomlin Scurry
"Synthetic Fixed-Income Securities, Inc.",3585419530574325,Renell Dunkerley
BlackRock 2022 Global Income Opportunity Trust,3565221202997105,Emmanuel Brouncker
BP Prudhoe Bay Royalty Trust,5108753261656676,Thalia Fawdrey
Marcus Corporation (The),3550498783335023,Carole Sawkins
"Communications Systems, Inc.",5048375816378979,Paco Balffye
"Herman Miller, Inc.",677144170466197442,Marybelle O'Spellissey
Vanguard Short-Term Corporate Bond ETF,3548842785178615,Caresse Doughtery
Primo Water Corporation,3558162827680818,Gaston Servante
Nuveen Short Duration Credit Opportunities Fund,3581781596847612,Timmy Genge
GasLog LP.,5020895673412520467,Brnaby Tompkiss
"Heartland Financial USA, Inc.",201683816500508,Ivonne Collip
Public Service Enterprise Group Incorporated,3537495797650023,Juditha Palister
Vical Incorporated,5470286721191109,Fern Dobrovolny
"Urban One, Inc. ",3560394574250935,Wyndham Speakman
WisdomTree Negative Duration High Yield Bond Fund,4017959295786388,Dimitry Gimenez
Cincinnati Bell Inc,4175006685105031,Anthiathia Yancey
Wintrust Financial Corporation,5439379119179214,Tibold Trevenu
"Washington Federal, Inc.",6386550919788542,Jerrilee Teodori
Solar Senior Capital Ltd.,3529151193228274,Kayne Stanex
FinTech Acquisition Corp. II,3558210754464480,Carline Drohun
Bank of America Corporation,3545294611087664,Salmon Sewter
Webster Financial Corporation,6333737090166513374,Moises Nation
Government Properties Income Trust,50184602682541715,Cristabel Seegar
"Axsome Therapeutics, Inc.",36228833361327,Gregoire Gronou
Welltower Inc.,3540620433930282,Walsh Ferries
Enel Chile S.A.,6709350461634982,Rafaellle Thornley
Boulevard Acquisition Corp. II,4508023284754588,Stephanus Sanford
Playa Hotels & Resorts N.V.,5893539141188307644,Sheilah Glasson
Nuveen Quality Municipal Income Fund,6331106410357422,Ingram Clausner
Wendy's Company (The),3535501409914715,Ninnetta Andriessen
"Juno Therapeutics, Inc.",3560128023254977,Zebulon Krauze
Advance Auto Parts Inc,3563405804056186,Keith Shimoni
"Second Sight Medical Products, Inc.",36905114797499,Rem Sandhill
ClearBridge American Energy MLP Fund Inc.,3572336284942265,Evie Burtwell
"The Herzfeld Caribbean Basin Fund, Inc.",3548841758659635,Ferris Meeny
First Trust NASDAQ Clean Edge Smart Grid Infrastructure Index ,3562942326303606,Maggee Van der Hoeven
"AmeriGas Partners, L.P.",3535152990866540,Kiley Snoad
M&T Bank Corporation,5374445310712462,Ferdinand Ambrose
"Helmerich & Payne, Inc.",630449023932652030,Allys Edeler
"China Automotive Systems, Inc.",4936191442808430,Norry Gonthard
"Wal-Mart Stores, Inc.",5602242600250483,Daphna Gresswell
MTS Systems Corporation,5002351117611321,Ursola Brick
"Carriage Services, Inc.",30408574334040,Shirleen Axcel
HSBC Holdings plc,490377143636708865,Lenard Baudino
"Ignyta, Inc.",3554143551536891,Krystalle Philipet
Dynatronics Corporation,56022286967420226,Tilda Peyntue
AlphaMark Actively Managed Small Cap ETF,3578717562736434,Lavinie Wince
Entertainment Gaming Asia Incorporated,560222226027685730,Korney Dadswell
"CBL & Associates Properties, Inc.",3551402691032721,Sylvia Reeme
Atlantica Yield plc,3535060541703106,Hartley Plummer
Easterly Acquisition Corp.,5602223054667539,Haleigh Tuft
Capitol Acquisition Corp. III,3556324194920639,Vincenz Ebbers
SL Green Realty Corporation,3538687847742243,Nappie Life
Anworth Mortgage Asset  Corporation,6385838167222756,Shaw Fenton
"AmeriGas Partners, L.P.",5100133751914661,Maggie Backman
Aircastle Limited,3589575746273873,Katherine Villa
Anixter International Inc.,3543058673710352,Chloette Gladebeck
"Customers Bancorp, Inc",4026480259444475,Darline Minchi
Double Eagle Acquisition Corp.,630409221802689094,Rodge Tschierse
Teekay LNG Partners L.P.,3586740085228655,Serena Odd
BlackRock New York Investment Quality Municipal Trust Inc. (Th,633110581644655742,Drucie Renyard
"TripAdvisor, Inc.",5406124994041025,Becca Saunper
"Applied Industrial Technologies, Inc.",5048378344833028,Nissa Christley
Gladstone Commercial Corporation,30551956082685,Bee Hemstead
Helios and Matheson Analytics Inc,5100139121741205,Izzy Bus
Invesco Mortgage Capital Inc.,3537222356848925,Laurens Dyshart
"Richmont Mines, Inc.",3584124060235559,Aurea Kalf
RMG Networks Holding Corporation,3572487677799042,Jonathon Fivey
"Advanced Semiconductor Engineering, Inc.",3566353556685108,Margy Lebreton
Zions Bancorporation,3530492229610060,Dag Dismore
Nuveen Credit Strategies Income Fund,3547699055665478,Raychel Sizzey
"Beneficial Bancorp, Inc.",3541970860269749,Toinette Lorroway
"The Andersons, Inc.",3576401014486359,Sonnie Tibb
"Net Element, Inc.",5602211578973434,Nicholas Zorzini
Core Laboratories N.V.,3581610629997385,Quinn Feasey
"GTY Technology Holdings, Inc.",3528041852045633,Ferdinanda Leatham
"C.R. Bard, Inc.",4026085568206356,Giraldo Kubicki
iPath US Treasury Long Bond Bull ETN,5602253628771778032,Annnora Ferencowicz
La Jolla Pharmaceutical Company,3544216590455308,Garv Reicharz
"Office Depot, Inc.",3574342936096441,Aurel Campes
"Synergy Pharmaceuticals, Inc.",3587963557640087,Jared Fairfull
UNITIL Corporation,201418013645974,Tomasina Edwins
"Northwest Bancshares, Inc.",3551707104882094,Diane Ruddell
Primo Water Corporation,3537379414099907,Jenelle Soule
"Foundation Medicine, Inc.",201428842523482,Margi Mc Ilwrick
American Woodmark Corporation,3572573525976021,Delila Ireland
Repros Therapeutics Inc.,4844071814370550,Lawton Debell
Bank of America Corporation,3565690045174512,Mariya Daniau
"Republic Bancorp, Inc.",5018207297949216,Marina Gibbs
NetSol Technologies Inc.,4456903919660,Kaitlin Dugan
"Westell Technologies, Inc.",491131452493460766,Reiko Burchard
"Ecology and Environment, Inc.",3581416718838880,Odilia Leel
eGain Corporation,5602216292345314,Kelwin Cathie
"EZCORP, Inc.",5602251725580823,Max Tinn
M&T Bank Corporation,3582706213680954,Borden Ludwig
"CACI International, Inc.",4903533295938563353,Adiana Anglim
Abeona Therapeutics Inc.,5048373571073760,Olga Gledstane
International Speedway Corporation,3545849719167849,Hugh Dunbabin
Petroleo Brasileiro S.A.- Petrobras,5893735396827226546,Huntlee Shankster
"Malvern Bancorp, Inc.",4026356932979964,Carry Shattock
Tesco Corporation,30091746359630,Quinn Burdass
The Spectranetics Corporation,3540007304218098,Kristofer Jarred
Allegheny Technologies Incorporated,560225731435249489,Sean Allott
"Pernix Therapeutics Holdings, Inc.",4911800023301404,Jermaine Kirwin
HomeTown Bankshares Corporation,3580241733340113,Denver Girardini
"Aaron's,  Inc.",3559091147299224,Tudor Cantwell
Entravision Communications Corporation,6331101778049894829,Raynor Kisar
Vertex Pharmaceuticals Incorporated,30541878507133,Maegan Marking
Kitov Pharmaceuticals Holdings Ltd.,3550909700890056,Bronson Gillie
"KVH Industries, Inc.",3568694604307288,Sallyanne Atheis
"Veritone, Inc.",3556456036727168,Ben Floch
"ShotSpotter, Inc.",6379353450252302,Erin Gorry
Westport Fuel Systems Inc,3563714283338076,Emlynn Tolerton
Cinemark Holdings Inc,3562934889294595,Ashley Ben
Macquarie Global Infrastructure Total Return Fund Inc.,4405952995571499,Hamnet Fife
"American Financial Group, Inc.",5002354740824691,Alisha Osichev
"Electro-Sensors, Inc.",373589361540504,Audrye MacGinney
TopBuild Corp.,6706327291479505593,Abagael Purdy
Lamar Advertising Company,30504322049060,Trever Luna
Embraer-Empresa Brasileira de Aeronautica,3586468322169215,Drake Bowick
"Famous Dave's of America, Inc.",3580407758547060,Brinna Pritty
New Home Company Inc. (The),3578480147310163,Cindy Gason
First Internet Bancorp,5602257675412040,Debbi Wardall
"NuStar Logistics, L.P.",36433866824379,Grata Briton
"Williams Companies, Inc. (The)",675937095126319935,Brendan Gascone
National Retail Properties,6331105464951262,Christan Crutchfield
Fortuna Silver Mines Inc.,3557816893069195,Gunner Leggate
"Smith & Nephew SNATS, Inc.",3549746428360762,Marcelo Wooller
Nomura Holdings Inc ADR,3577755710540408,Maurita Whittlesea
"Avid Technology, Inc.",4017953390389503,Harlie Rieflin
MSA Safety Incorporporated,3587004749196561,Torrence Bedham
IDT Corporation,3556209256610840,Manon Hiorn
JetBlue Airways Corporation,56022539180371687,Germain Tollit
LendingClub Corporation,3537745706272339,Benton Gartshore
UNIVERSAL INSURANCE HOLDINGS INC,3553308678578974,Murray McGoon
"Del Taco Restaurants, Inc.",5602219148418079,Bar Diggin
Farmers Capital Bank Corporation,4913865533505420,Sheeree Markovic
MFS Special Value Trust,3544798681874794,Westbrooke Fellgate
"OneBeacon Insurance Group, Ltd.",4917560745977329,Fancie Aikenhead
Allegion plc,3529392017411379,Thomasa Tennewell
"Perma-Pipe International Holdings, Inc.",490526467079787320,Cleopatra Swalwell
"Latin American Discovery Fund, Inc. (The)",3557232637853839,Nichol Carsey
Chesapeake Lodging Trust,5602212995133750,Phip Vasyutochkin
K12 Inc,4017953318383,Trent Cowsby
"AgroFresh Solutions, Inc.",4100647111619218,Jodie Millis
"Eyegate Pharmaceuticals, Inc.",633436848037953290,Gweneth Lenden
Presbia PLC,676191477864057621,Adham Feld
Kayne Anderson Acquisition Corp.,4017957847536,Darlleen Cruce
"Tempur Sealy International, Inc.",3562223043525635,Velvet Tilley
Putnam Premier Income Trust,633447227934702083,Hall Spencook
"J.C. Penney Company, Inc. Holding Company",3537857453017203,Caril Mingame
"Nivalis Therapeutics, Inc.",3576255556876827,Jaymee Ambridge
The Gabelli Healthcare & Wellness Trust,3552431213840450,Travus Pacey
"CGI Group, Inc.",3569492339875912,Claiborn Mc Curlye
"Alico, Inc.",5582771670715680,Gussy Munby
iShares S&P Global Clean Energy Index Fund,589353955724806690,Puff Filov
Protective Life Corporation,3532475020241035,Fannie Wiz
Brink's Company (The),491166868971830337,Nickie Maulkin
ENI S.p.A.,201882595192715,Irwin Elvin
"Spark Energy, Inc.",5002353885909234,Roch Poundford
"Copart, Inc.",3565964072405960,Ariela Elks
News Corporation,3580385148479402,Christian Villalta
"Strayer Education, Inc.",5459767216766609,Evvie Bolf
Bank of South Carolina Corp.,30041846139077,Shanda Hardy
Special Opportunities Fund Inc.,3586687353710536,Kay Bartoli
Astronics Corporation,5602249126068430,Kylynn Bosdet
Seaspan Corporation,30352127012226,Shela Stockport
Voya Asia Pacific High Dividend Equity Income Fund,3586454243053670,Meara Keach
Sonoco Products Company,060468139882918563,Holly Marty
Enzymotec Ltd.,3529306130676007,Blair Thickin
Pimco New York Municipal Income Fund II,5532849449501333,Huberto Buckthorp
Molson Coors Brewing  Company,3552301635087669,Fawnia Pringell
DSW Inc.,5462675125444348,Ricoriki Bayles
"Quintiles IMS Holdings, Inc.",5100139964459063,Meta Mattiessen
Amerco,490351484062327501,Fabian Saile
KT Corporation,3536044201346819,Letta Engeham
"Nivalis Therapeutics, Inc.",3544490600907786,Stacey Lathan
"Gaming and Leisure Properties, Inc.",3537149128980027,Tyson Meachem
"James River Group Holdings, Ltd.",3565109777381401,Chere Enriques
Armstrong World Industries Inc,3560735405489623,Valida Panchin
Amphenol Corporation,6771880823623367,Zara Birden
Quest Resource Holding Corporation.,3574971282954843,Brennan Gecke
Wabash National Corporation,3538151459063588,Tedmund Sweeney
Convergys Corporation,3561118168166978,Casey Francesc
CABCO Series 2004-101 Trust,3576740819571893,Verene Downham
"Syndax Pharmaceuticals, Inc.",4508342030126234,Eleanore Denne
"Alliance One International, Inc.",6709772580751498,Prudy Entwhistle
Exact Sciences Corporation,5256434145364213,Jemimah Abelovitz
"Cohu, Inc.",3530797835963236,Mercedes Lambricht
STRATS Trust,491181324407129986,Dalton Stronack
"Five9, Inc.",4917870405875741,Kristi Coit
Frontline Ltd.,560222346243993310,Emeline Ridding
Student Transportation Inc,3529528472469341,Sherlocke Livezey
"Surmodics, Inc.",5573925646116545,Nanice Colwell
M&T Bank Corporation,5610972522917419,Rachel Nozzolinii
"Texas Roadhouse, Inc.",3544019809263103,Gavrielle Galton
"Energy Transfer Equity, L.P.",4175004366931676,Cherye Riddel
Kansas City Southern,6763863734813749,Minette Czapla
"Yield10 Bioscience, Inc.",5602214322874015,Nadiya Bellew
"Eagle Bancorp, Inc.",201916792504890,Sergent Wadly
The Intergroup Corporation,3563329650113182,Gweneth Lebourn
Agrium Inc.,5159242444791277,Desi MacAnelley
Barington/Hilco Acquisition Corp.,6386472740619095,Brendan Unthank
Navios Maritime Holdings Inc.,502038393354740623,Lauritz Grieswood
"Valmont Industries, Inc.",5100178945627372,Korry Denny
Bank of America Corporation,4508332633810508,Hadrian Gribbell
Akers Biosciences Inc,5048378746972697,Nettie Gillinghams
Guggenheim Strategic Opportunities Fund,4936868891270671831,Calv Younglove
"Halozyme Therapeutics, Inc.",3568986191563012,Kailey Halse
Pure Cycle Corporation,3579840223572003,Ulrike Aggiss
W.P. Carey Inc.,67091916664563380,Dorrie Jorissen
Phillips 66,3554677899451412,Killy Clearley
Nuveen Select Tax Free Income Portfolio III,4791506027523,Philbert Yancey
Brown Forman Corporation,5526298906218890,Gabriella Bremeyer
GATX Corporation,5610765940594814,Lebbie Giuron
"UMH Properties, Inc.",3532166848262523,Abdul Brownlie
Sonoco Products Company,3566079394161875,Elisabetta Eisikowitch
Potash Corporation of Saskatchewan Inc.,377306086194863,Rob Oneill
BankFinancial Corporation,5602215698735038366,Thorny Scones
"Limelight Networks, Inc.",5018319259977612,Cookie Fellowes
"Ebix, Inc.",375375173661300,Julie Tabourin
Nuveen S&P 500 Buy-Write Income Fund,3549621564231053,Hubey Audus
"QEP Resources, Inc.",3545804715499654,Malory Bramelt
CABCO Series 2004-101 Trust,5100141831663059,Jo-ann Creggan
Flushing Financial Corporation,5010123832313354,Janette Babidge
Jensyn Acquistion Corp.,676127171790598530,Barbe Drysdale
"Vera Bradley, Inc.",3543265025848661,Lilias Marjanovic
Yangtze River Development Limited,30563201856102,Leopold Barke
AMC Networks Inc.,3582270612478668,Willabella Frantzen
Comcast Corporation,6379871390292781,Shelli Wilmot
National Holdings Corporation,5010127781423759,Deana Joost
"New York Mortgage Trust, Inc.",6333648558918235106,Gayelord Praundl
"CB Financial Services, Inc.",3564034422120270,Blake Suddaby
"Monolithic Power Systems, Inc.",3540500210542205,Marylin Yve
"The First Bancshares, Inc.",374622687450840,Anabal Domerque
"Grand Canyon Education, Inc.",3576436926249180,Olly Canny
First Trust MLP and Energy Income Fund,5020079225181691,Ruthi Kienlein
EMC Insurance Group Inc.,30002587006578,Betteanne Esposita
First Commonwealth Financial Corporation,201737270419470,Timmie Murney
"Ubiquiti Networks, Inc.",5120797315321138,Janina Chaunce
Wheaton Precious Metals Corp.,5602213483497848,Shaylah Labbez
"Great Southern Bancorp, Inc.",3563441324688174,Carena Chivers
"Saia, Inc.",6767596399365419104,Elset Linzee
"Goldman Sachs Group, Inc. (The)",3586397690718867,Riki Sennett
Vulcan Materials Company,6304693005422763,Theo Padson
"TRC Companies, Inc.",30178236578868,Sophie Struys
"Avid Technology, Inc.",633110565148254839,Merci Bangham
Clifton Bancorp Inc.,3540684404781421,Willdon Blinman
"A V Homes, Inc.",3581736551371131,Britteny Briddle
Regions Financial Corporation,5610516152235384,Jacquenetta Cropper
"AquaBounty Technologies, Inc.",5419780122981872,Chrissie Kobisch
Scotts Miracle-Gro Company (The),6398148005058320,Kit Carlone
PowerShares Global Agriculture Portfolio,5108755608529193,Otis Collisson
Bryn Mawr Bank Corporation,5243922676736565,Alfie Ottey
Ambev S.A.,3574789020199731,Elwira Casserly
Asia Pacific Wire & Cable Corporation Limited,5602244227861296,Munroe Hammerman
"Ramaco Resources, Inc.",36970707002335,Joelynn Alenichicov
"Frequency Electronics, Inc.",3532806665857224,Cosimo Late
Oil-Dri Corporation Of America,3547036939390967,Bonnee Brown
Whiting Petroleum Corporation,3570344325603310,Kelwin Pomfret
"Energy Transfer Equity, L.P.",67597472876142943,Vachel Blunderfield
Public Storage,5602250369967076179,Patricia Coleman
TPG Pace Energy Holdings Corp.,561059704621632353,Colline Dahmel
"Express, Inc.",30008354490309,Sherwin Dedmam
Radware Ltd.,337941298528059,Arlie Bracchi
Intra-Cellular Therapies Inc.,6767575402703944919,Henderson Madeley
WSI Industries Inc.,6759498152046971,Gwenny Rennles
"Landcadia Holdings, Inc.",3531495015183068,Fey Reitenbach
"AMC Entertainment Holdings, Inc.",3574134095835085,Correna Fisher
"American Financial Group, Inc.",3535071724906374,Guthrie Meindl
"Virtus Investment Partners, Inc.",560223016407695444,Sibbie Heminsley
Data I/O Corporation,6762214608546810,Ronna Braisby
Kennametal Inc.,3533543679457167,Riannon Baress
Huntington Bancshares Incorporated,561017774922938883,Pier Skepper
TiGenix,3563457664678575,Chiquita Aulsford
"Vermillion, Inc.",4175006119655114,Rani Botfield
"TerraForm Power, Inc.",30390059065218,Fredra Howchin
"PulteGroup, Inc.",3546185146449958,Kory Striker
FORM Holdings Corp.,502051474577739618,Dorian Sawdy
"Adverum Biotechnologies, Inc.",3564167570548700,Janela Oswick
Burcon NutraScience Corp,5131423473438013,Jessie Pattini
"Lands' End, Inc.",6379104966599532,Harley Pidgin
Timken Steel Corporation,3530778957865698,Ivar Shimmans
AmeriServ Financial Inc.,3584479963954734,Puff Clemenzi
Global X NASDAQ China Technology ETF,201967707597966,Gunar Baudou
OMNOVA Solutions Inc.,4041372251600090,Mandel Ryton
"Pulmatrix, Inc.",491165811699210441,Charlotte Ezzy
iShares 20+ Year Treasury Bond ETF,5002354317148771,Ban Binford
"James River Group Holdings, Ltd.",374288512971945,Hervey Frankis
Nokia Corporation,3572177110798343,Millisent Chasteney
Pointer Telocation Ltd.,5002356364252042,Michel Twaits
BioShares Biotechnology Products Fund,4017956586930030,Natal Qusklay
"Mueller Industries, Inc.",67711579891485171,Davidson Kilsby
"Manitex International, Inc.",4903159647077902,Gordy Beswick
Nuveen Texas Quality Municipal Income Fund,30064052958329,Cathyleen Yepiskov
"CoStar Group, Inc.",374283100668573,Odelinda Pochin
Energous Corporation,56022159698208360,Loy Eitter
"RealPage, Inc.",3574320884397144,Olympie McCambrois
Crestwood Equity Partners LP,3585388514550652,Hale Egglestone
CHS Inc,6393129555146439,Odilia Thorwarth
PowerShares Russell 1000 Low Beta Equal Weight Portfolio,3531769615847276,Pepi Grandham
First Trust,5020528823511188,Orran Kenner
RMG Networks Holding Corporation,3545222149566529,Shell Perryn
"Hologic, Inc.",5290235520702432,Heinrick Hache
"ConnectOne Bancorp, Inc.",3529150988378229,Melina Couser
Allstate Corporation (The),5641823130832057,Shanta Wallington
iShares MSCI Global Impact ETF,30204916374939,Randy Smallbone
Moelis & Company,5113717448923468,Filia Strugnell
YY Inc.,3533805991362569,Emilie Creswell
"Albireo Pharma, Inc.",3540457818195102,Lilah Gutch
"MoSys, Inc.",5369447584025693,Martelle MacGiany
Hecla Mining Company,3588882031221489,Drusi Logg
"NextEra Energy, Inc.",4844090155864351,Lonee Francklyn
"Cadiz, Inc.",3546776153896600,Carie Cursey
Sears Holdings Corporation,3568184393559281,Anatollo Cockrell
El Paso Electric Company,5141673719759444,Gael Skinn
MainStay DefinedTerm Municipal Opportunities Fund,6759558281839503,Dorita Tidridge
MGC Diagnostics Corporation,3580730444580157,Gill Leynham
RELX PLC,5602232896391306676,Jard Senton
"tronc, Inc.",3589026654228970,Lizzie Akister
"UCP, Inc.",3578340752878211,Ara Stockford
Global X NASDAQ China Technology ETF,3535901260108821,Urbain Cleary
"Pfizer, Inc.",3580343766068577,Ethelyn Cottie
JM Global Holding Company,3573802665447116,Willi Fransson
"Beacon Roofing Supply, Inc.",5602247904799496405,Myrtle Downgate
MannKind Corporation,3540269115734750,Umeko Worledge
Modern Media Acquisition Corp.,4041379647456,Bax De Cruce
"Evolent Health, Inc",3559914410070297,Flo Clothier
Cigna Corporation,3530000300719310,Mireielle Stronge
"PDC Energy, Inc.",3561703300918590,Consolata Acomb
"Dermira, Inc.",372403091104014,Verena Pregel
"Envestnet, Inc",676715994766976770,Celeste Meenehan
Archer-Daniels-Midland Company,3554040841902463,Danella Dumbarton
Emmis Communications Corporation,30415186077859,Keven Corgenvin
Brunswick Corporation,3538399543721774,Jodie Bramah
Shinhan Financial Group Co Ltd,6333606383771610588,Hillyer Tidder
"Alexander's, Inc.",3532090800781876,Valene Marquess
CBS Corporation,5441399378843686,Herb Hubbock
Blackrock Municipal 2018 Term Trust,3567382018980525,Dela Doutch
Altisource Residential Corporation,6388464090930766,Lucho Thomasson
"Beasley Broadcast Group, Inc.",3586619774729803,Leigh Llorens
Analogic Corporation,374622886018653,Deonne Beacock
"Agilent Technologies, Inc.",374283824578256,Aprilette Barrett
Aspen Insurance Holdings Limited,3578182338213137,Malissa Aldcorne
"Casella Waste Systems, Inc.",3538013703822427,Alikee Yurinov
Cellectis S.A.,6389196626246130,Rebe Smith
Incyte Corporation,675920259798037964,Kimberlyn Dunlea
"Mobile Mini, Inc.",6334070871976665220,Melitta Killough
Vaalco Energy Inc,6706922217171999,Kerrie Lerhinan
"Community First Bancshares, Inc.",5602236443922415,Ophelie Hydes
John Bean Technologies Corporation,633110630002750643,Stanleigh Stobbe
"Flexsteel Industries, Inc.",3542056537974603,Conn Carlesso
"Argo Group International Holdings, Ltd.",5007668301551343,Goldia Renouf
M B T Financial Corp,4913341882639285,Lewie Row
Coty Inc.,5641821547571995,Thorstein Gettens
"Compania Cervecerias Unidas, S.A.",30173238302268,Antony Fleming
BlackRock Science and Technology Trust,3583134575393992,Calv Filipyev
American Express Company,3528964620097299,Tova Huskisson
"Clean Harbors, Inc.",201429226955795,Jacklyn Winney
"Mednax, Inc",3531417241995032,Evyn Pugsley
"Chiasma, Inc.",3550667792579660,Shanda Pudner
Kyocera Corporation,3535926313311692,Janenna Bridgwater
Portland General Electric Company,3584093701059274,Trenton Simek
IQ Chaikin U.S. Small Cap ETF,3528895120077706,Doe Heather
Medley Capital Corporation,5100137477354888,Torrance Steward
"Nathan's Famous, Inc.",3583990911569698,Martha Garrud
Navios Maritime Holdings Inc.,3557411347695835,Kaine Schwandt
"Enzo Biochem, Inc.",6706121587745968780,Walther Cressy
The GDL Fund,3547228158295551,Neale Twoohy
Greif Bros. Corporation,3549740531146721,Rycca Paulsson
Nustar Energy L.P.,63040831720261971,Alvira Priddey
"Savara, Inc.",4041375151156,Ozzie Gobel
"CF Industries Holdings, Inc.",30510620538951,Marcy Chancelier
American Homes 4 Rent,5100140390239657,Mel Warboy
Chicago Bridge & Iron Company N.V.,5108759651027022,Krishnah Ogdahl
"CBL & Associates Properties, Inc.",4175002071504432,Sascha Backwell
Astronics Corporation,3551647937223431,Theda Bawcock
Fulton Financial Corporation,58930943687347751,Dasya Brummell
U.S. Bancorp,374622683191463,Emlyn Kennagh
Ramco-Gershenson Properties Trust,3586479789936491,Christyna Gibbeson
"Western Gas Equity Partners, LP",5108752880671702,Daniel Audry
First Trust NASDAQ Smartphone Index Fund,501893053684309020,Pattie Leathard
"Neothetics, Inc.",374622020351978,Tiphani Sarl
Acceleron Pharma Inc.,3549760352272364,Goldie Pengelly
"Syntel, Inc.",3563730853276181,Winona Tissiman
Qiagen N.V.,3583617640429775,Zachariah Fortun
Vanda Pharmaceuticals Inc.,3583111284140302,Ilyse Broughton
West Bancorporation,3555999236122509,Daisy Carrol
KKR & Co. L.P.,3532199766117304,Dode Marquand
CRISPR Therapeutics AG,201666584489228,Durward Astling
"Mueller Industries, Inc.",3573981076873985,Lu Pinck
Nuveen Build America Bond Fund,3564067792482391,Gallagher Sainter
"Greenlight Reinsurance, Ltd.",4913262832372449,Christel Broomer
Legacy Reserves LP,3558983426342827,Silvester McCombe
Davis Select U.S. Equity ETF,6391265116280796,Audry Winspeare
Blue Bird Corporation,5010122995089777,Ellette Dyster
Xcel Energy Inc.,5010121398616590,Kearney Fetherston
FlexShares Disciplined Duration MBS Index Fund,3588105632918000,Gerome Tchir
Legacy Reserves LP,3567019628740598,Gretna Strete
"Controladora Vuela Compania de Aviacion, S.A.B. de C.V.",67618067779894692,Rourke Meenehan
TICC Capital Corp.,6767337479027264447,Michaelina Hans
"Soligenix, Inc.",3531213627327613,Alyda McIlrath
Eaton Vance Tax Advantaged Dividend Income Fund,3554769300027459,Cherice Konertz
PennyMac Mortgage Investment Trust,5602241549909290,Jacobo Ballister
Globant S.A.,30580994550080,Wolf Wyeth
PowerShares DWA Technology Momenum Portfolio,5602250851721188325,Brenna Ortet
John Hancock Tax-Advantaged Global Shareholder Yield Fund,0604793492931079700,Leann Tittershill
"Pinnacle Financial Partners, Inc.",3571553270033583,Ives Redier
ICICI Bank Limited,3577561528247131,Ceciley Chrismas
Goldcorp Inc.,3557112861497018,Ricard Cutriss
"Cardinal Health, Inc.",6761609341069933061,Amby Keymar
"The Chefs' Warehouse, Inc.",3555615042759280,Hashim Confait
Christopher & Banks Corporation,3529574927329995,Imogene Lownie
Movado Group Inc.,5602225316209927,Meriel Prop
"Fossil Group, Inc.",3544324283101427,Berkly Yakobowitch
Anchor Bancorp,5201465632949294,Flo Crummy
Alcobra Ltd.,6385983843256354,Josefina Romero
"Catalent, Inc.",5007661576169032,Alyce Hart
"Carter's, Inc.",201609308337224,Lane Byllam
Digi International Inc.,3573924628389902,Davina L'Episcopi
Boston Scientific Corporation,30067340513665,Donny Tankard
The AES Corporation,3582367481966417,Sadye Camolli
Bank of Hawaii Corporation,374288338501504,Alexandre Fenby
Grupo Financiero Galicia S.A.,3577604623709694,Joell Risebarer
Ares Capital Corporation,5602227341358695,Hildagarde Petrulis
Wabash National Corporation,5010124361931640,Camile Baume
Discover Financial Services,30288979088585,Gerome Tibb
"Trinity Industries, Inc.",56022252290915613,Leslie Winkle
Lianluo Smart Limited,3562475869569820,Cassaundra Bavester
MSG Networks Inc.,3588278876385531,Camel Whytock
"ConAgra Brands, Inc.",4508385485920510,Sadye Brasted
Alabama Power Company,5404966063420056,Brandise Morrissey
Hunter Maritime Acquisition Corp.,4405817142334978,Rahel Bigadike
"Nicholas Financial, Inc.",3562842153289763,Cletis Balaison
"GTx, Inc.",3545978673667070,Penny Jirus
Naked Brand Group Inc.,3578887038114936,Cherri Marryatt
The Gabelli Healthcare & Wellness Trust,3564894739186888,Eadie Minucci
Lindblad Expeditions Holdings Inc. ,3586678504396226,Samuele Minto
"Apollo Global Management, LLC",3553427513856187,Jarrod Howen
"New Germany Fund, Inc. (The)",5602251577062318,Hedda Lyard
Summit Therapeutics plc,3567808038707514,Ellynn Chazelle
Nuveen Credit Strategies Income Fund,491100588205566619,Darby Lawrance
"Nu Skin Enterprises, Inc.",4041595931643,Lincoln Tollet
Teekay Tankers Ltd.,5602215980391796,Rica Clampe
Yulong Eco-Materials Limited,3575484496161428,Patten Feeney
Barington/Hilco Acquisition Corp.,3544287943446922,Samuele Roony
China Unicom (Hong Kong) Ltd,4508931503419272,Melva Jobbing
"Yum China Holdings, Inc.",5602225175490345,Gregory Belch
Callon Petroleum Company,5195608079001917,Kerrin Tighe
CBS Corporation,3562631505568663,Ruthie Bakhrushkin
"NRG Energy, Inc.",201696396037469,Jose Upwood
"Cancer Genetics, Inc.",3567908167277998,Minni Elies
Peabody Energy Corporation,3559344244930187,Vivienne Anthill
"NTT DOCOMO, Inc",5325763701031254,Darya Levis
"U S Concrete, Inc.",201527275738945,Norbie Callister
National Research Corporation,3572880471877594,Madelena McGrail
Petroleo Brasileiro S.A.- Petrobras,5100145990301542,Manny Kneafsey
Digirad Corporation,36668620066250,Killie Huckett
"Marchex, Inc.",3578247011857524,Gilbertina Gilbert
Actuant Corporation,677186724888144231,Bridget Maykin
First South Bancorp Inc,6709802314660415816,Montague Ineson
PowerShares S&P SmallCap Information Technology Portfolio,060417377266296238,Lemuel Madle
Rayonier Advanced Materials Inc.,3547754370998532,Sonny Dorset
Jack In The Box Inc.,374622684632291,Rosabelle Prestney
Kearny Financial,3583223498902128,Janaya Bemand
Tellurian Inc.,6761697479709021385,Elias ducarme
"Ooma, Inc.",5602219141783826,Filberto Cuphus
"Lilis Energy, Inc.",30484794154526,Jamison De Benedictis
"RiverNorth Opportunities Fund, Inc.",502004960522836978,Libbey Woolmore
Anworth Mortgage Asset  Corporation,3530890507785670,Natasha Petch
Old National Bancorp,36056914410873,Barbe Muneely
"Alaska Air Group, Inc.",5140093296361491,Hoyt Cruddace
State Auto Financial Corporation,3535805706355658,Roseanne Stourton
"Seattle Genetics, Inc.",676732089863426552,Janet Heaselgrave
Noodles & Company,3542240453239353,Candace California
Vista Outdoor Inc.,6395646767414618,Wyndham Prayer
Actua Corporation,4175000465199223,Abeu Krink
Oxford Lane Capital Corp.,3541495827648777,Sharron Filpi
KLX Inc.,56107333896168530,Caralie Bullers
Steel Partners Holdings LP,4905529510205905,Douglass Hambrook
Countrywide Financial Corporation,3556149106118687,Abby Orrell
Apple Inc.,3541661695232313,Holly Wankel
"Dorman Products, Inc.",3538982312838414,Noemi Coleshill
United States Cellular Corporation,3583778426495107,Suzy Hendricks
Rex Energy Corporation,201588915169347,Fayth Organer
"Isramco, Inc.",3529277024040602,Donia Milsted
Huntington Bancshares Incorporated,3534320742199863,Florrie Alwin
Rent-A-Center Inc.,06048850450595896,Jo McElane
"Synopsys, Inc.",3544782128580545,Panchito Zaniolo
"Activision Blizzard, Inc",3559268980322038,Koralle Tschierse
International Speedway Corporation,3575440192913777,Carey Rowat
"Ooma, Inc.",376831546956057,Gerhardine Seamarke
Mimecast Limited,3577568785596977,Verge Deport
Lehman ABS Corporation,6763287164986843,Grantham Edinburgh
ALPS/Dorsey Wright Sector Momentum ETF,5296616210187501,Layney Hakes
Natus Medical Incorporated,374288540265880,Stearn Pulsford
"Goldman Sachs Group, Inc. (The)",493607420271093845,Cordi Dugan
"ViewRay, Inc.",5010125877966244,Kermit Talman
Cinemark Holdings Inc,3535406687177268,Thomas Jancar
Discover Financial Services,201530477192416,Allie McCambrois
"ARC Document Solutions, Inc.",3542465097160166,Claudine Mager
"Angie's List, Inc.",3537134260452563,Shaylah Sprake
Farmland Partners Inc.,5610583004772345,Gan Jantet
"PS Business Parks, Inc.",3571552059028426,Sanders Hutchinson
First Trust Large Cap Core AlphaDEX Fund,3534775643955285,Mercedes Elham
"Northwest Bancshares, Inc.",3580600088630685,Hetti Font
Kroger Company (The),3533703991970871,Lance Orcott
Orrstown Financial Services Inc,675923782394201673,Hector Borwick
"AptarGroup, Inc.",3575237427262727,Sebastien Kruse
"Bancorp 34, Inc.",3560558816152220,Adiana Merchant
Guggenheim Credit Allocation Fund,675969747286656156,Otha Lerven
iRobot Corporation,374037324354380,Orsa Breslauer
"Boise Cascade, L.L.C.",3559214014988220,Blaire Boutellier
Blackrock Muni Intermediate Duration Fund Inc,3556442008867877,Findley Gearing
Lazard Global Total Return and Income Fund,6333461966667442324,Lamont Paschek
CoreSite Realty Corporation,5100173397249460,Kenon Kesley
uniQure N.V.,6331105562874044,Juliann Wilmington
Performant Financial Corporation,3580308863348537,Neila Bouskill
Centrais Electricas Brasileiras S.A.- Eletrobras,4936283839639146752,Cthrine Beswell
Liberty Global plc,56022426919938756,Rhys Griswaite
"PNC Financial Services Group, Inc. (The)",3560160596000644,Sigismund Cabral
Alere Inc.,3532007612547493,Quentin Drews
Hallador Energy Company,3536529260803205,Evonne Jeffress
Embotelladora Andina S.A.,3583545852743478,Timofei Terzo
"Teladoc, Inc.",30233230244122,Shelby Heineke
GP Investments Acquisition Corp.,30317645988348,Vivia Heineken
Nuveen Virginia Quality Municipal Income Fund,201720321897878,Earle Preedy
"Landauer, Inc.",675927428661208464,Rafaello Pedrazzi
Regions Financial Corporation,6767871589224537718,Jilli Ramelet
Entravision Communications Corporation,36169540403152,Tanitansy Prestige
Arconic Inc.,3558497977977485,Rheta Reckhouse
Teekay LNG Partners L.P.,6388453915452023,Ambros Jimeno
"TerraForm Power, Inc.",3530654473080072,Shawnee Pudge
"VIVUS, Inc.",3580369378138227,Lorri Talton
John Hancock Premium Dividend Fund,5893048085493473852,Berk Meaney
Optical Cable Corporation,3550350983442416,Sigfried Taffee
"Aware, Inc.",3564302406293615,Trixy Bogey
Equity Commonwealth,5610704569148263,Wallache Breinlein
"Southcross Energy Partners, L.P.",4026951502666957,Osborn Dennis
Harmony Merger Corp.,5553313561830636,Wallie Backman
GasLog LP.,3573831879442217,Leeann Mucklow
"TechTarget, Inc.",3556557765623054,Simmonds Lintall
"Citrix Systems, Inc.",3588348541198427,Cherilynn Barr
"United Community Banks, Inc.",3538658711131763,Isadore Moncey
Leju Holdings Limited,5239842667016171,Nari Bucher
Fifth Street Finance Corp.,56022444884283686,Megen Patman
Internap Corporation,5641822749058039,Burt Sparshett
Mercury General Corporation,5602236647248641,Gasper Salliss
Solar Capital Ltd.,3575993673556093,Fae Argabrite
"Akebia Therapeutics, Inc.",5007664072428241,Elle Shulver
"Eastern Virginia Bankshares, Inc.",3535319254429063,Willetta Startin
Saratoga Investment Corp,5048373034420087,Nadia Serjeantson
"LightPath Technologies, Inc.",3537838978321031,Hamilton Farrimond
American Homes 4 Rent,5100139212557387,Eziechiele de Cullip
Abbott Laboratories,3548040150940830,Karoly Gimber
Rayonier Advanced Materials Inc.,5353580535235025,Tessie Livens
Union Bankshares Corporation,5285648430268665,Jeane Krishtopaittis
Hugoton Royalty Trust,4481584126625,Karlee Waterfield
Credit Suisse Group,5602255859358344,Wilbur Chettle
"Heat Biologics, Inc.",6397872870462744,Kally Ebhardt
Pitney Bowes Inc.,5356482102218657,Sinclair Mabone
Public Storage,30435558416782,Milt Issatt
"Overstock.com, Inc.",3553323279532858,Junie Janowski
ProShares UltraPro Short QQQ,4911087477151822152,Kessiah Casotti
SunPower Corporation,4175006091543221,Mada Bullerwell
Magellan Midstream Partners L.P.,3583445741208348,Neill Morton
"Atlas Financial Holdings, Inc.",3588160453608347,Cloris Sibbet
"American Financial Group, Inc.",3534612857830617,Parry Harwell
Resolute Energy Corporation,337941746022572,Claudelle Glenny
Canadian Imperial Bank of Commerce,4026068416866043,Kimbra Halsall
Monroe Capital Corporation,3532086344971882,Louis Starbucke
"MarineMax, Inc.",4175000107413552,Rolph Leadston
Qwest Corporation,3530234011692876,Aloise Fairey
Capital City Bank Group,3575136924640429,Darsie De Vaar
"Sabra Healthcare REIT, Inc.",5294944610150974,Jermaine Haysman
Tennessee Valley Authority,560222889097416540,Kennedy Ould
"Forrester Research, Inc.",3557844485133484,Cornelius Lehemann
Nutraceutical International Corporation,5007663096527608,Esther Sultan
First Trust Small Cap Value AlphaDEX Fund,30408532143467,Ulysses Greest
"Popular, Inc.",5010120721016940,Clarke Barron
BRT Apartments Corp.,3532717377665500,Frans Plues
"Socket Mobile, Inc.",5602228828643567,Korrie Siberry
General Finance Corporation,5602218097304256,Annadiane Wilsey
Liberty Global plc,4911899329576453,Isadora McCartney
"T. Rowe Price Group, Inc.",5641829238508416,Con Shoulder
Newtek Business Services Corp.,5100170721942901,Sheela Standon
"PennTex Midstream Partners, LP",3535661760090131,Fania Vice
"Shake Shack, Inc.",5602250110726876,Zachary Scutts
Axis Capital Holdings Limited,30309945042538,Bing Collopy
"Aoxin Tianli Group, Inc.",3542874781746406,Deeanne Poupard
California Resources Corporation,3541780641088718,Blanca Nanuccioi
"TrovaGene, Inc.",56022576420829611,Warde Stirtle
Urstadt Biddle Properties Inc.,6376668636167345,Davita Doncaster
iPath US Treasury Long Bond Bear ETN,3548169246204099,Sibyl Bailes
"EQT Midstream Partners, LP",06042573770359902,Salvatore Chishull
Eastern Company (The),4844111470629046,Donny Jenner
Allstate Corporation (The),5048377798533217,Moreen Bordessa
"Sino-Global Shipping America, Ltd.",6706057016985573207,Deane Zorener
Nuveen Floating Rate Income Fund,633412573444194399,Gennie Maxstead
United States Steel Corporation,3566625117175046,Alphonso Duchant
"Nuance Communications, Inc.",56022515155925095,Roze Gusney
"Brookline Bancorp, Inc.",3543895681452364,Inger Benedek
Public Storage,3543289931428046,Brent Vibert
Cliffs Natural Resources Inc.,30585165418603,Ania Tyt
"Aldeyra Therapeutics, Inc.",3533987399602000,Waylan Osmond
Endeavour Silver Corporation,5456528700450255,Antone Esposita
"Donegal Group, Inc.",3572243156085217,Clarabelle Lapree
First Trust Emerging Markets AlphaDEX Fund,4026708258941855,Marcos Woodington
NXP Semiconductors N.V.,5463386630620120,Tiffani Mardall
Concho Resources Inc.,67068062597308046,Rhianon Speek
Global Indemnity Limited,3530876546359742,Blair Siege
Gabelli Utility Trust (The),3542890367411553,Abbe Howles
"Carriage Services, Inc.",4936236313566730,Neysa Summerell
Domino's Pizza Inc,3535561733202583,Ambrosius Comiskey
"Watts Water Technologies, Inc.",3588333004612221,Dean Kynvin
Capitala Finance Corp.,5602246546101668,Urson Howler
John Hancock Income Securities Trust,6304463602858714838,Miriam Lashley
Agrium Inc.,5602253306984408,Germain Shirrell
Capstone Turbine Corporation,5100175504535244,Lydia Coldrick
Cathay General Bancorp,5100173335144294,Mohandis Roalfe
"Morgan Stanley Asia-Pacific Fund, Inc.",3586291978105402,Farand Sabin
CVS Health Corporation,5018627686149419,Hewitt Lamort
Hunter Maritime Acquisition Corp.,3570309486539355,Mirilla Berwick
First Trust RBA American Industrial Renaissance ETF,4405117704203848,Lona Monger
"MGP Ingredients, Inc.",5437184730805656,Bruis Rawcliff
"American Financial Group, Inc.",30555048757121,Loleta Gerardin
"Sorrento Therapeutics, Inc.",3533559745042098,Lorinda Antoniou
Qwest Corporation,6767689557955424,Ardenia Richarz
8point3 Energy Partners LP,4844654599685704,Aurora Lambertini
"DHI Group, Inc.",5002352090288343,Stormy Ramberg
"Digital Ally, Inc.",5048377249661393,Taffy Figgs
Gladstone Land Corporation,3554434634148360,Percival Cullimore
La Quinta Holdings Inc.,3573494726703453,Cris Elldred
"Korea Fund, Inc. (The)",6334255558468769,Briny Lagadu
"OncoMed Pharmaceuticals, Inc.",3573085142979089,Leif O'Ferris
"Sun Communities, Inc.",3574226650518468,Delphinia Cartner
Criteo S.A.,630411699556879134,Armstrong Shier
Illinois Tool Works Inc.,4844842263722065,Diandra Carl
Entergy Texas Inc,3555751141756925,Coralyn Topliss
Farmer Brothers Company,4913350562573466,Olga Chapelle
"Athersys, Inc.",4936945694587976787,Wilton Treagus
Preformed Line Products Company,6331109479564466,Jerrilyn Walas
Webster Financial Corporation,6706791998219487,Nerty Sans
"American Realty Investors, Inc.",5217901465704952,Corrie Pretti
Cimarex Energy Co,3545326478352284,Barri Basile
"THL Credit, Inc.",5007668283994453,Foss Mainwaring
"Information Services Group, Inc.",5038164629399600,Nicol Springtorpe
"Source Capital, Inc.",3545388914775312,Brittany Enders
Steel Partners Holdings LP,4917716306205688,Micheil Stoeck
"Dycom Industries, Inc.",374622455977347,Ania Cominotti
Chesapeake Lodging Trust,4905883734800136,Alexis Sleany
"Knight Transportation, Inc.",201470029215839,Lonee Minchinden
Nanometrics Incorporated,3569038852801536,Hana Cleaver
Pzena Investment Management Inc,6334597091296813129,Liana Hazel
Medley Capital Corporation,3566583299749833,Jorry Gentle
AT&T Inc.,3566680456292241,Gisele Emanuel
Oxford Immunotec Global PLC,3535241164178798,Clementia Currier
"Gabelli Equity Trust, Inc. (The)",3571177277862958,Carter Sterman
"Proto Labs, Inc.",561033653821179205,Correna Jacobbe
"CSW Industrials, Inc.",3538368998782763,Dew Armand
Redhill Biopharma Ltd.,5018284440849470770,Rosella Esilmon
"TCW Strategic Income Fund, Inc.",3553281833219596,Ernst de Glanville
"Soleno Therapeutics, Inc.",3529179412783670,Lorinda Quilligan
Baytex Energy Corp,5610601423823208,Daphene Murcutt
BlackRock Credit Allocation Income Trust,6759310450519148,Maurits Crichmer
"Citizens Community Bancorp, Inc.",3567892990204280,Edith Inggall
Valley National Bancorp,3588871171645557,Mimi Meneghelli
Appian Corporation,5100130934055065,Cam Adrienne
Constellation Brands Inc,5545920850618695,Free Biggar
"Kinder Morgan, Inc.",3536552743633387,Mill Haton
China Mobile (Hong Kong) Ltd.,5445246830688843,Ware Baldwin
Silgan Holdings Inc.,30175789143041,Kaleena Kornas
"SPI Energy Co., Ltd.",3542988792029659,Alonzo Hamberstone
RAIT Financial Trust,3587755030412906,Sterne Summerton
Guaranty Bancorp,3580569904905912,Juieta Pettet
Origo Acquisition Corporation,5602242856003589968,Freemon Agastina
Plumas Bancorp,6385442998054643,Krystal Amos
"Blucora, Inc.",5531285223657994,Quincy Pulfer
"Pepsico, Inc.",4844153975901165,Dag Clutheram
Monroe Capital Corporation,3528268939547600,Dominga Cutcliffe
Comp En De Mn Cemig ADS,3548519533222198,Odille Iffe
Giga-tronics Incorporated,374283332160829,Kirk Rayne
Paylocity Holding Corporation,3540281577939793,Roxine Mower
"Summit Hotel Properties, Inc.",589398039970366670,Claudina Forster
"HomeStreet, Inc.",3555026167511748,Kerk Sansome
"First Cash, Inc.",3533088607742801,Deanne Reiglar
"Ekso Bionics Holdings, Inc.",3545606267515062,Loren Falloon
"Perceptron, Inc.",30310052572762,Mace Lomax
"USLIFE Income Fund, Inc.",3556165070318442,Elton McGown
"China Fund, Inc. (The)",4917830308024359,Arleta Pepye
Capitala Finance Corp.,3534670465655370,Wendi Graal
"Donegal Group, Inc.",3528466666794458,Celisse O'Loughane
Jazz Pharmaceuticals plc,5100176810259792,Pet Christian
Robert Half International Inc.,5602243428655572,Thomasina Haley
"GAIN Capital Holdings, Inc.",5108755454764225,Arlinda Sparshutt
"American Capital Senior Floating, Ltd.",3532901287081202,Dilly Zukierman
"TC PipeLines, LP",4903141215197650,Marla Bossons
"Exponent, Inc.",5010125761501883,Godard Dripps
"SG Blocks, Inc.",3577865757203818,Carlotta Collingdon
J P Morgan Chase & Co,3560244724715057,Gaelan Sirett
"Leidos Holdings, Inc.",3563109682612108,Corrianne Haibel
"Foundation Building Materials, Inc.",6387189263684434,Emera Bunclark
Invesco Pennsylvania Value Municipal Income Trust,4017959895598795,Baxie Gallimore
"Energizer Holdings, Inc.",3565771638751385,Trixie Radbond
Embotelladora Andina S.A.,56022426875322367,Conney Rissom
BlackBerry Limited,676225729055790307,Zerk Lyons
"Asta Funding, Inc.",4816027028275351,Erich Guiel
Prana Biotechnology Ltd,5108752803610563,Lane Drewery
Weyerhaeuser Company,3528359724252074,Tildi Lesurf
"Bank of the James Financial Group, Inc.",201631988486543,Gonzalo Revell
First Trust Global Tactical Commodity Strategy Fund,3572353648860729,Rayshell Syder
S&W Seed Company,5100136895612364,Cara Engledow
Coca Cola Femsa S.A.B. de C.V.,3536869189058295,Shena Kingswood
M III Acquisition Corp.,3535798778777786,Caterina McCray
Synovus Financial Corp.,5602247949728420,Had Bore
"ILG, Inc",3587878107484895,Darelle Cristofolini
BlackRock Investment Quality Municipal Trust Inc. (The),4913254779015156,Langsdon Escofier
The Blackstone Group L.P.,6381130187208641,Goldarina Simonson
WisdomTree United Kingdom Hedged Equity Fund,3531190391260362,Jessie Emerton
EchoStar Corporation,676744168968031222,Kevin Vannuchi
"Blackrock MuniEnhanced Fund, Inc.",4917740465916471,Genni Dungee
Zions Bancorporation,3550897190453214,Harry O'Feeny
"Aduro Biotech, Inc.",6375254756414998,Pattie Enrdigo
Peoples Financial Corporation,5251135293194493,Marin Sinisbury
"Landcadia Holdings, Inc.",30377200650915,Brennan Hyams
"Lion Biotechnologies, Inc.",3561805491026636,Marcelle Chantler
"ViewRay, Inc.",3587809021094981,Skye Scarborough
Wells Fargo & Company,3579081386582253,Kimball Van der Baaren
Clorox Company (The),5100143384918146,Gretal Wavell
"OraSure Technologies, Inc.",3568507187103918,Gerladina Philott
"Deswell Industries, Inc.",30001525601805,Shandy Firpo
"Welbilt, Inc.",4017952953370,Daffie Kenshole
MSG Networks Inc.,3571525905895735,Felizio Marcu
Teekay Offshore Partners L.P.,201988620709314,Althea Tippings
"Papa Murphy's Holdings, Inc.",3580400843781653,Benetta Earey
"CalAtlantic Group, Inc.",3562647108191232,Emerson Tomaello
Geo Group Inc (The),3574159879862583,Melisent Havock
"Reinsurance Group of America, Incorporated",3548304869803584,Alexander Cullivan
"Tactile Systems Technology, Inc.",3547526222529669,Sterling Normaville
Exact Sciences Corporation,6759637432996972,Orelee Bleddon
"Key Energy Services, Inc.",5010122328620033,Amery Harmant
"Caseys General Stores, Inc.",3558024785992843,Pamella Shee
First Trust RiverFront Dynamic Emerging Markets ETF,3558705144582990,Carol-jean Willment
"Century Bancorp, Inc.",3534775732325549,Che Randal
Forum Merger Corporation,6759901698064887,Berna Falks
Verizon Communications Inc.,3580120483750533,Donielle Schukert
UroGen Pharma Ltd.,3549158158293678,Ophelia Schnitter
"Ctrip.com International, Ltd.",5400471207676527,Maurie Durrant
Agree Realty Corporation,3540981985169277,Sapphire Sooley
Taylor Morrison Home Corporation,5311459469959424,Anastassia Bernardos
Ark Restaurants Corp.,3536271333817439,Cozmo Wiffill
Vanguard Russell 1000 ETF,5279272382206934,Kelwin Casillis
"Organovo Holdings, Inc.",3574620078778011,Kain Eouzan
"Maui Land & Pineapple Company, Inc.",3548730247353720,Gianni Clayson
"Cirrus Logic, Inc.",3585635939398244,Mic Kensley
"Pacira Pharmaceuticals, Inc.",3545870947887040,Caitlin Brothers
"Activision Blizzard, Inc",3559743935643688,Arel Seed
Lifevantage Corporation,560221737063145091,Burlie Du Plantier
"Micronet Enertec Technologies, Inc.",4041596904664,Burton Baudinot
First Trust Switzerland AlphaDEX Fund,3533260689883759,Gerick Offiler
"Healthcare Services Group, Inc.",3529038051185466,Kimmi Le Grand
National Energy Services Reunited Corp.,3545071239246496,Dolorita Mears
Mazor Robotics Ltd.,3573318210116155,Orel Gyves
Sussex Bancorp,5641825649897190,Zelig Keys
Brookfield Renewable Partners L.P.,3548591662347096,Pat Paterno
Cameco Corporation,3560146946072052,Drucill Pengelly
"Nuveen California Municipal Value Fund, Inc.",3558901111628011,Doti Brussels
"Castlight Health, inc.",5100143451833616,Gregg Purbrick
Apollo Investment Corporation,3551360204940709,Marybelle Coleshill
The Priceline Group Inc. ,6394334755928516,Reggis Housbie
"Enbridge Energy, L.P.",5479626384509322,Danila Karolowski
Nuveen Real Estate Fund,67627421790646327,Abram O'Cullen
Peregrine Pharmaceuticals Inc.,3530926911249323,Tad Gairdner
Amaya Inc.,3549555007619716,Reese Morrissey
Tekla World Healthcare Fund,3570972504198130,Valencia Thowless
Global X Health & Wellness Thematic ETF,3531896508222455,Stanfield Kennelly
TESSCO Technologies Incorporated,374622934264622,Raquel Wittke
Cemex S.A.B. de C.V.,3542807948445041,Malvina Fazackerley
Prima BioMed Ltd,0604038321234387,Puff Aitcheson
Cardtronics plc,30033378665462,Dena Dorning
Brookfield DTLA Inc.,5602225751892294,Lavina Tongue
ClearBridge All Cap Growth ETF,67597354030624638,Robenia Galiero
Eaton Vance NextShares Trust II,4903437575199488,Britney Ogbourne
"Sigma Designs, Inc.",374283771849817,Win Zammitt
State Street Corporation,3582726593601594,Jamesy Feldbau
"MetLife, Inc.",3534910843297861,Kerstin Haensel
SL Green Realty Corporation,30390919745041,Brenden Dunniom
"NRG Yield, Inc.",3560158298951817,Amie Torn
